"","DR Number","Date Reported","Date Occurred","Time Occurred","Area ID","Area Name","Reporting District","Crime Code","Crime Code Description","MO Codes","Victim Age","Victim Sex","Victim Descent","Premise Code","Premise Description","Weapon Used Code","Weapon Description","Status Code","Status Description","Crime Code 1","Crime Code 2","Crime Code 3","Crime Code 4","Address","Cross Street","location","latitude","longitude"
"29097",151015594,"10/2/15","1/1/15",6,10,"West Valley",1047,110,"CRIMINAL HOMICIDE","",24,"F","W",149,"RIVER BED*",500,"UNKNOWN WEAPON/OTHER WEAPON","IC","Invest Cont",110,NA,NA,NA,"BALBOA                       BL","S  VICTORY                      BL","34.1775, -118.5088","34.1775","-118.5088"
"29098",151604033,"1/2/15","1/2/15",755,16,"Foothill",1675,110,"CRIMINAL HOMICIDE","0430 1100 1402 1414",27,"F","B",127,"TRASH CAN/TRASH DUMPSTER",106,"UNKNOWN FIREARM","IC","Invest Cont",110,998,NA,NA,"9100    DE GARMO                     AV","","34.2346, -118.3741","34.2346","-118.3741"
"29099",150200508,"1/4/15","1/3/15",2045,2,"Rampart",211,110,"CRIMINAL HOMICIDE","1100 0430 0906 1402",28,"M","H",102,"SIDEWALK",106,"UNKNOWN FIREARM","AA","Adult Arrest",110,998,NA,NA,"600 N  ALEXANDRIA                   AV","","34.0813, -118.2981","34.0813","-118.2981"
"29100",150604256,"1/4/15","1/4/15",2355,6,"Hollywood",646,110,"CRIMINAL HOMICIDE","1100 0430",53,"M","B",101,"STREET",109,"SEMI-AUTOMATIC PISTOL","AA","Adult Arrest",110,998,NA,NA,"1600 N  CAHUENGA                     BL","","34.0998, -118.3295","34.0998","-118.3295"
"29101",151804154,"1/5/15","1/4/15",1900,18,"Southeast",1821,110,"CRIMINAL HOMICIDE","0906 1270 0302 0334 0430 1100 1407",28,"M","H",301,"GAS STATION",102,"HAND GUN","IC","Invest Cont",110,NA,NA,NA,"9900 S  HOOVER                       ST","","33.9464, -118.2869","33.9464","-118.2869"
"29102",150104310,"1/7/15","1/6/15",1047,1,"Central",165,110,"CRIMINAL HOMICIDE","1218 0411",34,"M","B",102,"SIDEWALK",204,"FOLDING KNIFE","AA","Adult Arrest",110,NA,NA,NA,"600    WALL                         ST","","34.0433, -118.2488","34.0433","-118.2488"
"29103",151204583,"1/10/15","1/10/15",700,12,"77th Street",1232,110,"CRIMINAL HOMICIDE","1100 0216 0906 0371 0319 0432 0334 0302 0430 0450",19,"M","H",101,"STREET",109,"SEMI-AUTOMATIC PISTOL","AA","Adult Arrest",110,998,NA,NA,"59TH                         ST","CRENSHAW                     BL","33.9872, -118.3308","33.9872","-118.3308"
"29104",150504595,"1/14/15","1/12/15",1630,5,"Harbor",563,110,"CRIMINAL HOMICIDE","0430 2000 0913 1821 0416 1100 1202",72,"F","H",501,"SINGLE FAMILY DWELLING",102,"HAND GUN","AA","Adult Arrest",110,NA,NA,NA,"800 W  11TH                         ST","","33.7343, -118.2946","33.7343","-118.2946"
"29105",151804468,"1/12/15","1/12/15",300,18,"Southeast",1862,110,"CRIMINAL HOMICIDE","1270 0906 1100 0430 1822",38,"M","B",104,"DRIVEWAY",102,"HAND GUN","AA","Adult Arrest",110,NA,NA,NA,"200 E  120TH                        ST","","33.9237, -118.2717","33.9237","-118.2717"
"29106",151204896,"1/14/15","1/13/15",2120,12,"77th Street",1256,110,"CRIMINAL HOMICIDE","0601 0104 0324 0380 0411 0444 0906",29,"M","O",203,"OTHER BUSINESS",200,"KNIFE WITH BLADE 6INCHES OR LESS","AA","Adult Arrest",110,NA,NA,NA,"300 W  FLORENCE                     AV","","33.9747, -118.2783","33.9747","-118.2783"
"29107",150204670,"1/14/15","1/14/15",207,2,"Rampart",247,110,"CRIMINAL HOMICIDE","1100 0430 1402 0906",23,"M","H",502,"MULTI-UNIT DWELLING (APARTMENT, DUPLEX, ETC)",101,"REVOLVER","AA","Adult Arrest",110,998,NA,NA,"1800 W  5TH                          ST","","34.0588, -118.2706","34.0588","-118.2706"
"29108",151205037,"1/16/15","1/15/15",1940,12,"77th Street",1245,110,"CRIMINAL HOMICIDE","0429 0416 0345 1817 1270 0906",20,"M","B",101,"STREET",400,"STRONG-ARM (HANDS, FIST, FEET OR BODILY FORCE)","AA","Adult Arrest",110,NA,NA,NA,"1100 W  65TH                         PL","","33.9799, -118.2937","33.9799","-118.2937"
"29109",151900555,"1/16/15","1/15/15",920,19,"Mission",1917,110,"CRIMINAL HOMICIDE","0411 1402 0416 0445 0391",19,"M","B",501,"SINGLE FAMILY DWELLING",207,"OTHER KNIFE","AA","Adult Arrest",110,998,NA,NA,"14000    ASTORIA                      ST","","34.312, -118.4383","34.312","-118.4383"
"29110",151600547,"1/16/15","1/16/15",1910,16,"Foothill",1602,110,"CRIMINAL HOMICIDE","1309 1414 1409 0906 1270 1100 0430 1407",29,"M","H",101,"STREET",102,"HAND GUN","IC","Invest Cont",110,998,NA,NA,"11500    SPROULE                      AV","","34.2788, -118.407","34.2788","-118.407"
"29111",151207204,"2/22/15","1/17/15",1245,12,"77th Street",1213,110,"CRIMINAL HOMICIDE","1100 0450 0430 0302 1407 1402 0906 1270",38,"M","B",501,"SINGLE FAMILY DWELLING",109,"SEMI-AUTOMATIC PISTOL","AA","Adult Arrest",110,NA,NA,NA,"1600 W  54TH                         ST","","33.9933, -118.3046","33.9933","-118.3046"
"29112",151205386,"1/22/15","1/21/15",1645,12,"77th Street",1245,110,"CRIMINAL HOMICIDE","1309 0309 1100 0302 0430 1300 0353 1402 0342 0906",18,"M","B",101,"STREET",109,"SEMI-AUTOMATIC PISTOL","IC","Invest Cont",110,NA,NA,NA,"6800    DENKER                       AV","","33.9778, -118.3046","33.9778","-118.3046"
"29113",151900574,"1/22/15","1/22/15",2145,19,"Mission",1971,110,"CRIMINAL HOMICIDE","0430 0906 1100 1402 1407",24,"M","H",108,"PARKING LOT",102,"HAND GUN","AA","Adult Arrest",110,998,NA,NA,"15400    RAYEN                        ST","","34.2337, -118.4703","34.2337","-118.4703"
"29114",151605036,"1/28/15","1/28/15",1910,16,"Foothill",1653,110,"CRIMINAL HOMICIDE","0334 1402 1414 1409 0411 1300 1310 0913 0906 2001",47,"F","H",108,"PARKING LOT",223,"UNKNOWN TYPE CUTTING INSTRUMENT","AA","Adult Arrest",110,998,NA,NA,"12700    OSBORNE                      ST","","34.2542, -118.4095","34.2542","-118.4095"
"29115",150505318,"1/29/15","1/29/15",2008,5,"Harbor",529,110,"CRIMINAL HOMICIDE","0361 0913 0603 1607 0411",45,"M","H",502,"MULTI-UNIT DWELLING (APARTMENT, DUPLEX, ETC)",207,"OTHER KNIFE","AO","Adult Other",110,NA,NA,NA,"800    FLINT                        AV","","33.7807, -118.2494","33.7807","-118.2494"
"29116",151305500,"1/29/15","1/29/15",2010,13,"Newton",1325,110,"CRIMINAL HOMICIDE","0602 1402 0445 0416 0561 1202",66,"M","B",501,"SINGLE FAMILY DWELLING",304,"CLUB/BAT","AA","Adult Arrest",110,998,NA,NA,"1200 E  33RD                         ST","","34.0164, -118.2534","34.0164","-118.2534"
"29117",151805282,"1/30/15","1/29/15",1700,18,"Southeast",1834,110,"CRIMINAL HOMICIDE","0342 1100 0302 0430 1259 0906 0309 1251 1309 0305",15,"M","B",101,"STREET",109,"SEMI-AUTOMATIC PISTOL","IC","Invest Cont",110,NA,NA,NA,"105TH                        ST","AVALON                       BL","33.941, -118.2652","33.941","-118.2652"
"29118",151805328,"1/31/15","1/30/15",1730,18,"Southeast",1842,110,"CRIMINAL HOMICIDE","1100 0302 1309 0353 1407 0216 0430 0906",16,"M","H",102,"SIDEWALK",109,"SEMI-AUTOMATIC PISTOL","AA","Adult Arrest",110,NA,NA,NA,"11200 S  FIGUEROA                     ST","","33.9329, -118.2826","33.9329","-118.2826"
"29119",150905473,"1/31/15","1/31/15",527,9,"Van Nuys",905,110,"CRIMINAL HOMICIDE","1239 0411 2000",33,"M","B",502,"MULTI-UNIT DWELLING (APARTMENT, DUPLEX, ETC)",200,"KNIFE WITH BLADE 6INCHES OR LESS","AA","Adult Arrest",110,NA,NA,NA,"14600    SATICOY                      ST","","34.2085, -118.4504","34.2085","-118.4504"
"29120",150105965,"2/1/15","2/1/15",2001,1,"Central",192,110,"CRIMINAL HOMICIDE","0416 0561 0402 0405 0425 1220 0537",48,"F","O",502,"MULTI-UNIT DWELLING (APARTMENT, DUPLEX, ETC)",311,"HAMMER","AA","Adult Arrest",110,NA,NA,NA,"1300 S  FIGUEROA                     ST","","34.0407, -118.268","34.0407","-118.268"
"29121",151300516,"2/2/15","2/1/15",2355,13,"Newton",1354,110,"CRIMINAL HOMICIDE","1402 0416 0432 1309",41,"M","H",101,"STREET",307,"VEHICLE","IC","Invest Cont",110,998,NA,NA,"41ST                         PL","MAIN                         ST","34.0082, -118.274","34.0082","-118.274"
"29122",151206235,"2/3/15","2/2/15",2015,12,"77th Street",1249,110,"CRIMINAL HOMICIDE","1100 0430",29,"M","H",102,"SIDEWALK",109,"SEMI-AUTOMATIC PISTOL","IC","Invest Cont",110,NA,NA,NA,"600 W  70TH                         ST","","33.9761, -118.2838","33.9761","-118.2838"
"29123",150106378,"2/8/15","2/7/15",1940,1,"Central",111,110,"CRIMINAL HOMICIDE","2004 1218 0416 0417",48,"M","B",108,"PARKING LOT",400,"STRONG-ARM (HANDS, FIST, FEET OR BODILY FORCE)","AA","Adult Arrest",110,NA,NA,NA,"700 W  CESAR E CHAVEZ               AV","","34.0606, -118.2439","34.0606","-118.2439"
"29124",150606517,"2/7/15","2/7/15",2340,6,"Hollywood",636,110,"CRIMINAL HOMICIDE","1409 0371 0430 0906 1100 1816",31,"M","B",101,"STREET",102,"HAND GUN","AA","Adult Arrest",110,998,NA,NA,"6700    HOLLYWOOD                    BL","","34.1034, -118.3325","34.1034","-118.3325"
"29125",152005951,"2/8/15","2/8/15",1750,20,"Olympic",2083,110,"CRIMINAL HOMICIDE","1402 0411 0449",45,"F","H",501,"SINGLE FAMILY DWELLING",205,"KITCHEN KNIFE","AO","Adult Other",110,998,NA,NA,"1700 S  HOBART                       BL","","34.0418, -118.3071","34.0418","-118.3071"
"29126",151805769,"2/10/15","2/9/15",2150,18,"Southeast",1806,110,"CRIMINAL HOMICIDE","1100 0430 0302 0906",52,"M","B",102,"SIDEWALK",109,"SEMI-AUTOMATIC PISTOL","AA","Adult Arrest",110,NA,NA,NA,"8900 S  CENTRAL                      AV","","33.9556, -118.2564","33.9556","-118.2564"
"29127",150405773,"2/10/15","2/10/15",536,4,"Hollenbeck",455,110,"CRIMINAL HOMICIDE","1100 0430 1251 0906",20,"M","H",104,"DRIVEWAY",109,"SEMI-AUTOMATIC PISTOL","AA","Adult Arrest",110,NA,NA,NA,"2100    SHERIDAN                     ST","","34.0516, -118.2095","34.0516","-118.2095"
"29128",151805988,"2/13/15","2/13/15",341,18,"Southeast",1835,110,"CRIMINAL HOMICIDE","0430 1407 1419 0906 1100",39,"M","B",121,"YARD (RESIDENTIAL/BUSINESS)",104,"SHOTGUN","IC","Invest Cont",110,NA,NA,NA,"1200 E  106TH                        ST","","33.9397, -118.253","33.9397","-118.253"
"29129",151407511,"2/14/15","2/14/15",2300,14,"Pacific",1468,110,"CRIMINAL HOMICIDE","1407 0430 0906 1100 0603 0361 0216 0206 1270 1816",50,"M","B",502,"MULTI-UNIT DWELLING (APARTMENT, DUPLEX, ETC)",102,"HAND GUN","AA","Adult Arrest",110,998,NA,NA,"4800    MARIONWOOD                   DR","","33.9942, -118.4114","33.9942","-118.4114"
"29130",150200579,"2/15/15","2/15/15",828,2,"Rampart",238,110,"CRIMINAL HOMICIDE","1100 1300 0416 0906",35,"M","H",102,"SIDEWALK",106,"UNKNOWN FIREARM","IC","Invest Cont",110,NA,NA,NA,"300    DOUGLAS                      ST","","34.0647, -118.2583","34.0647","-118.2583"
"29131",150506085,"2/17/15","2/16/15",2100,5,"Harbor",526,110,"CRIMINAL HOMICIDE","0430 1822 1100 1218",56,"M","W",108,"PARKING LOT",106,"UNKNOWN FIREARM","IC","Invest Cont",110,NA,NA,NA,"300 W  ANAHEIM                      ST","","33.7799, -118.265","33.7799","-118.265"
"29132",151806332,"2/20/15","2/20/15",1010,18,"Southeast",1805,110,"CRIMINAL HOMICIDE","0416 1300 1311 1312 0344 0906 0919",40,"M","H",101,"STREET",400,"STRONG-ARM (HANDS, FIST, FEET OR BODILY FORCE)","AA","Adult Arrest",110,NA,NA,NA,"91ST","TOWNE                        AV","33.9538, -118.2673","33.9538","-118.2673"
"29133",151000623,"2/28/15","2/26/15",1900,10,"West Valley",1008,110,"CRIMINAL HOMICIDE","0321 1414 1100 0430 1402 1407 1411",34,"M","O",501,"SINGLE FAMILY DWELLING",106,"UNKNOWN FIREARM","AA","Adult Arrest",110,998,NA,NA,"16400    GILMORE                      ST","","34.1876, -118.4902","34.1876","-118.4902"
"29134",152006920,"2/28/15","2/28/15",900,20,"Olympic",2021,110,"CRIMINAL HOMICIDE","0411 1218",41,"F","B",124,"BUS STOP",500,"UNKNOWN WEAPON/OTHER WEAPON","IC","Invest Cont",110,NA,NA,NA,"4000    WILSHIRE                     BL","","34.0653, -118.3183","34.0653","-118.3183"
"29135",151106908,"3/2/15","3/1/15",1750,11,"Northeast",1138,110,"CRIMINAL HOMICIDE","1402 0411",34,"M","B",103,"ALLEY",223,"UNKNOWN TYPE CUTTING INSTRUMENT","IC","Invest Cont",110,998,NA,NA,"6000 N  FIGUEROA                     ST","","34.1152, -118.1898","34.1152","-118.1898"
"29136",151706940,"3/4/15","3/3/15",315,17,"Devonshire",1799,110,"CRIMINAL HOMICIDE","1407 1419 0430 0906 1100 0913",16,"F","H",507,"CONDOMINIUM/TOWNHOUSE",102,"HAND GUN","AA","Adult Arrest",110,NA,NA,NA,"15700    ROSCOE                       BL","","34.2249, -118.4792","34.2249","-118.4792"
"29137",151807122,"3/8/15","3/7/15",2140,18,"Southeast",1831,110,"CRIMINAL HOMICIDE","0906 0302 0334 0342 0430 1100 1240 1270 1402 1407",39,"M","B",121,"YARD (RESIDENTIAL/BUSINESS)",102,"HAND GUN","AA","Adult Arrest",110,NA,NA,NA,"12600 S  FIGUEROA                     ST","","33.9188, -118.283","33.9188","-118.283"
"29138",151807219,"3/9/15","3/9/15",1655,18,"Southeast",1832,110,"CRIMINAL HOMICIDE","0906 1100 0430 0302 1310",28,"M","B",101,"STREET",102,"HAND GUN","AA","Adult Arrest",110,NA,NA,NA,"200 E  105TH                        ST","","33.9411, -118.2717","33.9411","-118.2717"
"29139",151507992,"3/11/15","3/11/15",1115,15,"N Hollywood",1532,110,"CRIMINAL HOMICIDE","1310 0350 1218",47,"M","W",101,"STREET",500,"UNKNOWN WEAPON/OTHER WEAPON","IC","Invest Cont",110,NA,NA,NA,"12300    SYLVAN                       ST","","34.1849, -118.4025","34.1849","-118.4025"
"29140",151807390,"3/12/15","3/12/15",1640,18,"Southeast",1821,110,"CRIMINAL HOMICIDE","0906 1100 1402 0430 1270 1809",27,"M","B",108,"PARKING LOT",102,"HAND GUN","AA","Adult Arrest",110,NA,NA,NA,"600 W  CENTURY                      BL","","33.9455, -118.2848","33.9455","-118.2848"
"29141",151308096,"3/13/15","3/13/15",2345,13,"Newton",1393,110,"CRIMINAL HOMICIDE","0906 1100 0430 1310 1240 1816 1270 1419 1407",46,"M","H",101,"STREET",109,"SEMI-AUTOMATIC PISTOL","AA","Adult Arrest",110,998,NA,NA,"200 W  65TH                         ST","","33.9807, -118.2761","33.9807","-118.2761"
"29142",151500612,"3/14/15","3/13/15",1800,15,"N Hollywood",1562,110,"CRIMINAL HOMICIDE","1018 0913 1238 0400 0555",49,"F","W",707,"GARAGE/CARPORT",500,"UNKNOWN WEAPON/OTHER WEAPON","IC","Invest Cont",110,NA,NA,NA,"12400    LANDALE                      ST","","34.1522, -118.403","34.1522","-118.403"
"29143",151800712,"3/13/15","3/13/15",2040,18,"Southeast",1829,110,"CRIMINAL HOMICIDE","1407 0906 1100 0430 1402",51,"M","B",101,"STREET",102,"HAND GUN","IC","Invest Cont",110,NA,NA,NA,"2100 E  102ND                        ST","","33.9439, -118.2346","33.9439","-118.2346"
"29144",150907719,"3/17/15","3/17/15",2310,9,"Van Nuys",926,110,"CRIMINAL HOMICIDE","0395 1100 1407 0906",21,"M","H",707,"GARAGE/CARPORT",102,"HAND GUN","IC","Invest Cont",110,998,NA,NA,"14100    GILMORE                      ST","","34.1877, -118.44","34.1877","-118.44"
"29145",151308391,"3/18/15","3/18/15",1924,13,"Newton",1371,110,"CRIMINAL HOMICIDE","1100 0430 0302 0334 0913 1407",34,"F","H",501,"SINGLE FAMILY DWELLING",104,"SHOTGUN","AA","Adult Arrest",110,998,NA,NA,"300 W  56TH                         ST","","33.9915, -118.2783","33.9915","-118.2783"
"29146",151209436,"3/20/15","3/20/15",200,12,"77th Street",1258,110,"CRIMINAL HOMICIDE","0906 0430 1100",19,"M","B",101,"STREET",109,"SEMI-AUTOMATIC PISTOL","IC","Invest Cont",110,NA,NA,NA,"100 E  FLORENCE                     AV","","33.9747, -118.2739","33.9747","-118.2739"
"29147",150407618,"3/21/15","3/21/15",1853,4,"Hollenbeck",415,110,"CRIMINAL HOMICIDE","0302 1100 0430 1240 1310 1402 1407 1419 0906",37,"M","H",101,"STREET",103,"RIFLE","AA","Adult Arrest",110,998,NA,NA,"2500    EASTLAKE                     AV","","34.0762, -118.2119","34.0762","-118.2119"
"29148",150113993,"6/3/15","3/23/15",1346,1,"Central",158,110,"CRIMINAL HOMICIDE","1501",60,"F","B",502,"MULTI-UNIT DWELLING (APARTMENT, DUPLEX, ETC)",500,"UNKNOWN WEAPON/OTHER WEAPON","AA","Adult Arrest",110,NA,NA,NA,"900 E  7TH                          ST","","34.0395, -118.2405","34.0395","-118.2405"
"29149",151410411,"3/23/15","3/23/15",2015,14,"Pacific",1465,110,"CRIMINAL HOMICIDE","0430 1310 0906 1100 1409 1407",21,"M","H",122,"VEHICLE, PASSENGER/TRUCK",102,"HAND GUN","IC","Invest Cont",110,998,NA,NA,"JEFFERSON                    BL","CENTINELA                    AV","33.9826, -118.407","33.9826","-118.407"
"29150",150908047,"3/24/15","3/24/15",300,9,"Van Nuys",923,110,"CRIMINAL HOMICIDE","0411 0395",32,"F","H",103,"ALLEY",207,"OTHER KNIFE","AA","Adult Arrest",110,NA,NA,NA,"6600    KESTER                       AV","","34.1907, -118.4574","34.1907","-118.4574"
"29151",151210050,"3/28/15","3/28/15",25,12,"77th Street",1215,110,"CRIMINAL HOMICIDE","1100 1402 1407 0302 0430 1270 0906",22,"M","H",101,"STREET",106,"UNKNOWN FIREARM","AA","Adult Arrest",110,NA,NA,NA,"1500 W  52ND                         ST","","33.9951, -118.3024","33.9951","-118.3024"
"29152",150309610,"4/1/15","4/1/15",300,3,"Southwest",363,110,"CRIMINAL HOMICIDE","0906 0430 1100",52,"M","B",102,"SIDEWALK",109,"SEMI-AUTOMATIC PISTOL","IC","Invest Cont",110,NA,NA,NA,"SANTA ROSALIA                DR","BUCKINGHAM                   RD","34.0121, -118.3423","34.0121","-118.3423"
"29153",150900812,"4/1/15","4/1/15",2005,9,"Van Nuys",929,110,"CRIMINAL HOMICIDE","1100 0430",21,"M","O",501,"SINGLE FAMILY DWELLING",106,"UNKNOWN FIREARM","IC","Invest Cont",110,NA,NA,NA,"6400    FULTON                       AV","","34.1867, -118.4225","34.1867","-118.4225"
"29154",150209043,"4/2/15","4/2/15",50,2,"Rampart",248,110,"CRIMINAL HOMICIDE","1100 0430 0906",28,"M","H",101,"STREET",102,"HAND GUN","AA","Adult Arrest",110,NA,NA,NA,"400    WITMER                       ST","","34.0576, -118.2644","34.0576","-118.2644"
"29155",150508064,"4/2/15","4/2/15",330,5,"Harbor",529,110,"CRIMINAL HOMICIDE","407",71,"M","B",505,"MOTEL",506,"FIRE","IC","Invest Cont",110,NA,NA,NA,"100 E  C                            ST","","33.7727, -118.2619","33.7727","-118.2619"
"29156",150309892,"4/5/15","4/4/15",1840,3,"Southwest",335,110,"CRIMINAL HOMICIDE","0906 0302 1100 0430",38,"M","B",103,"ALLEY",109,"SEMI-AUTOMATIC PISTOL","IC","Invest Cont",110,NA,NA,NA,"2700 W  JEFFERSON                    BL","","34.0276, -118.3229","34.0276","-118.3229"
"29157",150110280,"4/6/15","4/6/15",754,1,"Central",156,110,"CRIMINAL HOMICIDE","1218 0907 2004 0411",38,"M","W",516,"",207,"OTHER KNIFE","AA","Adult Arrest",110,NA,NA,NA,"500    SAN JULIAN                   ST","","34.0446, -118.245","34.0446","-118.245"
"29158",151808726,"4/7/15","4/6/15",2045,18,"Southeast",1821,110,"CRIMINAL HOMICIDE","1251 0411 1822",18,"M","B",104,"DRIVEWAY",200,"KNIFE WITH BLADE 6INCHES OR LESS","AA","Adult Arrest",110,NA,NA,NA,"800 W  101ST                        ST","","33.9446, -118.2893","33.9446","-118.2893"
"29159",150408538,"4/8/15","4/8/15",2220,4,"Hollenbeck",467,110,"CRIMINAL HOMICIDE","1100 0353 0605 0430 0906",29,"M","H",108,"PARKING LOT",102,"HAND GUN","AO","Adult Other",110,NA,NA,NA,"SOTO                         ST","4TH                          ST","34.0406, -118.2117","34.0406","-118.2117"
"29160",151210775,"4/9/15","4/8/15",2330,12,"77th Street",1256,110,"CRIMINAL HOMICIDE","0906 1100 0302 0430 1310 1309 0309",26,"M","B",101,"STREET",109,"SEMI-AUTOMATIC PISTOL","IC","Invest Cont",110,NA,NA,NA,"76TH                         ST","FLOWER                       ST","33.9708, -118.2813","33.9708","-118.2813"
"29161",151809043,"4/12/15","4/12/15",2150,18,"Southeast",1806,110,"CRIMINAL HOMICIDE","1402 1816 0906 1822 0416 0417",50,"M","H",103,"ALLEY",500,"UNKNOWN WEAPON/OTHER WEAPON","AA","Adult Arrest",110,NA,NA,NA,"8800 S  CENTRAL                      AV","","33.9543, -118.2564","33.9543","-118.2564"
"29162",151309768,"4/13/15","4/13/15",1630,13,"Newton",1364,110,"CRIMINAL HOMICIDE","0906 1100 1407 0430 0302 0334 1419 1309 0309",34,"M","B",101,"STREET",109,"SEMI-AUTOMATIC PISTOL","AA","Adult Arrest",110,998,NA,NA,"1100 E  52ND                         ST","","33.996, -118.2565","33.996","-118.2565"
"29163",151309769,"4/13/15","4/13/15",1630,13,"Newton",1364,110,"CRIMINAL HOMICIDE","0906 0430 0302 0334 1309 0309",19,"M","B",101,"STREET",109,"SEMI-AUTOMATIC PISTOL","AA","Adult Arrest",110,NA,NA,NA,"1100 E  52ND                         ST","","33.996, -118.2565","33.996","-118.2565"
"29164",151412511,"4/16/15","4/16/15",1455,14,"Pacific",1407,110,"CRIMINAL HOMICIDE","0906 0907 1402 1100 0430 1407 1409",37,"M","H",101,"STREET",102,"HAND GUN","AA","Adult Arrest",110,998,NA,NA,"10300    WOODBINE                     ST","","34.0283, -118.4084","34.0283","-118.4084"
"29165",151809237,"4/16/15","4/16/15",1110,18,"Southeast",1802,110,"CRIMINAL HOMICIDE","0334 0302 1100 0430 0342 1309 0906",39,"M","B",101,"STREET",102,"HAND GUN","IC","Invest Cont",110,NA,NA,NA,"9000 S  BROADWAY","","33.9547, -118.2782","33.9547","-118.2782"
"29166",151413538,"4/24/15","4/18/15",2325,14,"Pacific",1432,110,"CRIMINAL HOMICIDE","0416 0429 1402 1419",52,"M","H",102,"SIDEWALK",400,"STRONG-ARM (HANDS, FIST, FEET OR BODILY FORCE)","AA","Adult Arrest",110,998,NA,NA,"1400    ABBOT KINNEY                 BL","","33.9934, -118.46","33.9934","-118.46"
"29167",151211452,"4/20/15","4/19/15",2245,12,"77th Street",1248,110,"CRIMINAL HOMICIDE","1100 0302 0334 0430 0906 1270 1402",24,"M","B",104,"DRIVEWAY",102,"HAND GUN","IC","Invest Cont",110,NA,NA,NA,"800 W  65TH                         ST","","33.9801, -118.287","33.9801","-118.287"
"29168",151300571,"4/19/15","4/19/15",235,13,"Newton",1324,110,"CRIMINAL HOMICIDE","1100 0430 0429 0334 0302 1402",41,"M","H",101,"STREET",106,"UNKNOWN FIREARM","IC","Invest Cont",110,998,NA,NA,"1400 E  21ST                         ST","","34.021, -118.2498","34.021","-118.2498"
"29169",151211461,"4/20/15","4/20/15",55,12,"77th Street",1215,110,"CRIMINAL HOMICIDE","1100 1402 0906 1310 0302 0430",19,"M","B",101,"STREET",106,"UNKNOWN FIREARM","IC","Invest Cont",110,NA,NA,NA,"5300 S  BUDLONG                      AV","","33.9941, -118.2958","33.9941","-118.2958"
"29170",151211546,"4/21/15","4/21/15",1000,12,"77th Street",1265,110,"CRIMINAL HOMICIDE","1202",80,"M","B",501,"SINGLE FAMILY DWELLING",500,"UNKNOWN WEAPON/OTHER WEAPON","AA","Adult Arrest",110,NA,NA,NA,"1500 W  83RD                         ST","","33.9637, -118.3025","33.9637","-118.3025"
"29171",150611173,"4/22/15","4/22/15",835,6,"Hollywood",636,110,"CRIMINAL HOMICIDE","0411 1402 1409 1401",27,"M","W",108,"PARKING LOT",207,"OTHER KNIFE","AA","Adult Arrest",110,998,NA,NA,"1700 N  CHEROKEE                     AV","","34.1016, -118.3348","34.1016","-118.3348"
"29172",151412943,"4/22/15","4/22/15",1427,14,"Pacific",1406,110,"CRIMINAL HOMICIDE","1100 0430 1407 1402",33,"M","W",104,"DRIVEWAY",106,"UNKNOWN FIREARM","IC","Invest Cont",110,998,NA,NA,"3300    MENTONE                      AV","","34.0286, -118.4118","34.0286","-118.4118"
"29173",150311180,"4/23/15","4/23/15",2340,3,"Southwest",331,110,"CRIMINAL HOMICIDE","1270 1407 1402 1100 0430 0906",56,"M","B",102,"SIDEWALK",109,"SEMI-AUTOMATIC PISTOL","IC","Invest Cont",110,NA,NA,NA,"4900 W  ADAMS                        BL","","34.0326, -118.3471","34.0326","-118.3471"
"29174",151310385,"4/24/15","4/24/15",1925,13,"Newton",1395,110,"CRIMINAL HOMICIDE","1100 0430 0906 0309 1309 1816 1809 1270 1402",25,"M","H",102,"SIDEWALK",102,"HAND GUN","AA","Adult Arrest",110,998,NA,NA,"400 E  65TH                         ST","","33.9806, -118.2681","33.9806","-118.2681"
"29175",150311339,"4/27/15","4/26/15",2230,3,"Southwest",395,110,"CRIMINAL HOMICIDE","1401 1402 1407 1410 0302 0334 0430 1100 1300 0906",42,"M","B",101,"STREET",102,"HAND GUN","IC","Invest Cont",110,NA,NA,NA,"W  43RD                         PL","VAN NESS                     AV","34.0046, -118.3171","34.0046","-118.3171"
"29176",150709049,"4/27/15","4/27/15",2353,7,"Wilshire",775,110,"CRIMINAL HOMICIDE","0342 1407 1409 1402 0430 1100 0906 1270",43,"M","B",101,"STREET",106,"UNKNOWN FIREARM","IC","Invest Cont",110,998,NA,NA,"1800 S  LONGWOOD                     AV","","34.0428, -118.3443","34.0428","-118.3443"
"29177",151413396,"4/28/15","4/28/15",2103,14,"Pacific",1488,110,"CRIMINAL HOMICIDE","0216 0430 0906 1402",17,"M","H",108,"PARKING LOT",102,"HAND GUN","AA","Adult Arrest",110,998,NA,NA,"5700 W  MANCHESTER                   BL","","33.9599, -118.3805","33.9599","-118.3805"
"29178",151109887,"4/30/15","4/30/15",215,11,"Northeast",1177,110,"CRIMINAL HOMICIDE","1407 1100 0430 0906",20,"M","H",101,"STREET",102,"HAND GUN","AO","Adult Other",110,998,NA,NA,"600 W  AVENUE 27","","34.0866, -118.2241","34.0866","-118.2241"
"29179",151212362,"5/2/15","5/2/15",2340,12,"77th Street",1242,110,"CRIMINAL HOMICIDE","1822 0430 1100 1402",28,"F","B",101,"STREET",106,"UNKNOWN FIREARM","IC","Invest Cont",110,998,NA,NA,"2400 W  62ND                         ST","","33.9837, -118.32","33.9837","-118.32"
"29180",151608550,"5/2/15","5/2/15",2227,16,"Foothill",1684,110,"CRIMINAL HOMICIDE","1414 0906 1270 0302 1309 1402 1822 1100 0430",19,"M","H",101,"STREET",106,"UNKNOWN FIREARM","IC","Invest Cont",110,998,NA,NA,"11900    CANTARA                      ST","","34.2194, -118.3921","34.2194","-118.3921"
"29181",151608551,"5/2/15","5/2/15",2227,16,"Foothill",1684,110,"CRIMINAL HOMICIDE","1414 0906 1270 0302 1309 1402 1822 0430",18,"M","H",101,"STREET",106,"UNKNOWN FIREARM","IC","Invest Cont",110,NA,NA,NA,"11900    CANTARA                      ST","","34.2194, -118.3921","34.2194","-118.3921"
"29182",151910687,"5/4/15","5/2/15",100,19,"Mission",1981,110,"CRIMINAL HOMICIDE","0408 1402 1501 0913 1810",48,"F","B",502,"MULTI-UNIT DWELLING (APARTMENT, DUPLEX, ETC)",400,"STRONG-ARM (HANDS, FIST, FEET OR BODILY FORCE)","AA","Adult Arrest",110,998,NA,NA,"8700 N  SEPULVEDA                    BL","","34.2267, -118.4704","34.2267","-118.4704"
"29183",150210956,"5/8/15","5/7/15",1500,2,"Rampart",231,110,"CRIMINAL HOMICIDE","0334 0430 1243 1100",45,"F","H",501,"SINGLE FAMILY DWELLING",102,"HAND GUN","AO","Adult Other",110,NA,NA,NA,"100 S  HOOVER                       ST","","34.0728, -118.2844","34.0728","-118.2844"
"29184",151608722,"5/7/15","5/7/15",1754,16,"Foothill",1669,110,"CRIMINAL HOMICIDE","0411 1813 2000 1402 1414 1409 0334",51,"F","O",119,"PORCH, RESIDENTIAL",205,"KITCHEN KNIFE","AA","Adult Arrest",110,998,NA,NA,"9300    PALI                         AV","","34.2379, -118.2705","34.2379","-118.2705"
"29185",151212773,"5/8/15","5/8/15",2005,12,"77th Street",1242,110,"CRIMINAL HOMICIDE","0342 1310 1100 0302 0430 0309 0906",40,"M","B",101,"STREET",102,"HAND GUN","IC","Invest Cont",110,NA,NA,NA,"6600    MADDEN                       AV","","33.9797, -118.3255","33.9797","-118.3255"
"29186",150112466,"5/9/15","5/9/15",1121,1,"Central",112,110,"CRIMINAL HOMICIDE","0416 1218 1401",58,"M","W",102,"SIDEWALK",310,"CONCRETE BLOCK/BRICK","IC","Invest Cont",110,NA,NA,NA,"300 N  MAIN                         ST","","34.0541, -118.2417","34.0541","-118.2417"
"29187",151511171,"5/9/15","5/9/15",1340,15,"N Hollywood",1525,110,"CRIMINAL HOMICIDE","0430 1100 0906 1402 1420 0449 0529 1809 1218 1414",25,"M","H",247,"CAR WASH",101,"REVOLVER","AA","Adult Arrest",110,NA,NA,NA,"6400    LAUREL CANYON                BL","","34.1867, -118.3965","34.1867","-118.3965"
"29188",151911015,"5/10/15","5/9/15",2330,19,"Mission",1962,110,"CRIMINAL HOMICIDE","0416 0429 1206",39,"M","H",102,"SIDEWALK",400,"STRONG-ARM (HANDS, FIST, FEET OR BODILY FORCE)","AO","Adult Other",110,NA,NA,NA,"9100    SEPULVEDA                    BL","","34.2355, -118.4676","34.2355","-118.4676"
"29189",152010239,"5/9/15","5/9/15",2000,20,"Olympic",2073,110,"CRIMINAL HOMICIDE","2000 0913 1100 0302 0334 0917 1821 1813 0340 0430",36,"F","H",733,"BAR/SPORTS BAR (OPEN DAY & NIGHT)",101,"REVOLVER","AO","Adult Other",110,998,NA,NA,"1400 S  WESTERN                      AV","","34.0463, -118.309","34.0463","-118.309"
"29190",151414648,"5/16/15","5/16/15",1415,14,"Pacific",1487,110,"CRIMINAL HOMICIDE","1218 2004 1402 1820",26,"M","W",101,"STREET",500,"UNKNOWN WEAPON/OTHER WEAPON","AA","Adult Arrest",110,998,NA,NA,"LA TIJERA                    BL","SEPULVEDA                    BL","33.9573, -118.3962","33.9573","-118.3962"
"29191",151213263,"5/18/15","5/18/15",305,12,"77th Street",1266,110,"CRIMINAL HOMICIDE","0906 1270 1100 1402 1820 0334 0302 0430",54,"M","B",501,"SINGLE FAMILY DWELLING",101,"REVOLVER","AA","Adult Arrest",110,NA,NA,NA,"700 W  79TH                         ST","","33.9678, -118.2856","33.9678","-118.2856"
"29192",151311642,"5/18/15","5/18/15",336,13,"Newton",1377,110,"CRIMINAL HOMICIDE","1402",39,"M","H",102,"SIDEWALK",500,"UNKNOWN WEAPON/OTHER WEAPON","IC","Invest Cont",110,998,NA,NA,"FORTUNA                      ST","57TH                         ST","33.9913, -118.2456","33.9913","-118.2456"
"29193",151311645,"5/18/15","5/18/15",1205,13,"Newton",1352,110,"CRIMINAL HOMICIDE","1407 0906 0309 1100 1309",38,"M","H",101,"STREET",109,"SEMI-AUTOMATIC PISTOL","IC","Invest Cont",110,998,NA,NA,"400 E  42ND                         PL","","34.0066, -118.2685","34.0066","-118.2685"
"29194",150410165,"5/22/15","5/22/15",1700,4,"Hollenbeck",415,110,"CRIMINAL HOMICIDE","1402 1409 1258 0411",18,"M","H",102,"SIDEWALK",207,"OTHER KNIFE","AA","Adult Arrest",110,998,NA,NA,"2900 N  BROADWAY","","34.0762, -118.2119","34.0762","-118.2119"
"29195",150200760,"5/23/15","5/23/15",30,2,"Rampart",202,110,"CRIMINAL HOMICIDE","1402 0906 0430 1100 0416",17,"M","H",102,"SIDEWALK",102,"HAND GUN","IC","Invest Cont",110,998,NA,NA,"800 N  VIRGIL                       AV","","34.0872, -118.2869","34.0872","-118.2869"
"29196",151213685,"5/23/15","5/23/15",7,12,"77th Street",1213,110,"CRIMINAL HOMICIDE","0906 1309 0342 1100 0302 0430 1402",46,"M","B",101,"STREET",106,"UNKNOWN FIREARM","AA","Adult Arrest",110,NA,NA,NA,"52ND                         ST","WESTERN                      AV","33.9951, -118.3089","33.9951","-118.3089"
"29197",151213791,"5/25/15","5/24/15",1900,12,"77th Street",1268,110,"CRIMINAL HOMICIDE","0302 0334 0342 0430 0906 1100 1270 1402 1407 1822",35,"M","B",102,"SIDEWALK",102,"HAND GUN","AA","Adult Arrest",110,NA,NA,NA,"100 W  84TH                         ST","","33.9633, -118.2739","33.9633","-118.2739"
"29198",151911873,"5/26/15","5/25/15",2250,19,"Mission",1964,110,"CRIMINAL HOMICIDE","0906 0216 0411",40,"M","H",102,"SIDEWALK",207,"OTHER KNIFE","AA","Adult Arrest",110,998,NA,NA,"9100    VAN NUYS                     BL","","34.2389, -118.4536","34.2389","-118.4536"
"29199",152010985,"5/25/15","5/25/15",2310,20,"Olympic",2038,110,"CRIMINAL HOMICIDE","0334 0302 1100 0430 0906 1309 0340 1312 1270 1402",19,"M","H",108,"PARKING LOT",106,"UNKNOWN FIREARM","AA","Adult Arrest",110,998,NA,NA,"3000 W  7TH                          ST","","34.0598, -118.2891","34.0598","-118.2891"
"29200",151213965,"5/27/15","5/27/15",730,12,"77th Street",1256,110,"CRIMINAL HOMICIDE","0340 0334 0302 1100 0430 0913 1402 0906",26,"M","B",501,"SINGLE FAMILY DWELLING",102,"HAND GUN","AA","Adult Arrest",110,NA,NA,NA,"600 W  74TH                         ST","","33.9727, -118.2842","33.9727","-118.2842"
"29201",151214129,"5/29/15","5/29/15",1246,12,"77th Street",1251,110,"CRIMINAL HOMICIDE","1100 0430 0906",19,"M","B",108,"PARKING LOT",101,"REVOLVER","AA","Adult Arrest",110,NA,NA,NA,"3300 W  FLORENCE                     AV","","33.9746, -118.3294","33.9746","-118.3294"
"29202",151214222,"5/31/15","5/31/15",350,12,"77th Street",1257,110,"CRIMINAL HOMICIDE","1402 1407 1100 0906 1270 0302 0430 1309",25,"M","H",101,"STREET",109,"SEMI-AUTOMATIC PISTOL","IC","Invest Cont",110,NA,NA,NA,"FIGUEROA                     ST","78TH                         ST","33.9689, -118.2827","33.9689","-118.2827"
"29203",151214262,"5/31/15","5/31/15",2225,12,"77th Street",1263,110,"CRIMINAL HOMICIDE","0309 0334 0342 0371 0430 1100 1240 1309 1407 0906",51,"M","B",101,"STREET",102,"HAND GUN","IC","Invest Cont",110,998,NA,NA,"1900 W  85TH                         ST","","33.9609, -118.3112","33.9609","-118.3112"
"29204",152011287,"6/1/15","6/1/15",1426,20,"Olympic",2038,110,"CRIMINAL HOMICIDE","0432 0430 0906 1402 1100 0334 1409 1407 1419",24,"M","H",101,"STREET",102,"HAND GUN","AA","Adult Arrest",110,998,NA,NA,"3000    LEEWARD                      AV","","34.0587, -118.2891","34.0587","-118.2891"
"29205",152011288,"6/1/15","6/1/15",1426,20,"Olympic",2038,110,"CRIMINAL HOMICIDE","0430 0432 0906 0334 0302 1100",20,"M","H",101,"STREET",102,"HAND GUN","AA","Adult Arrest",110,NA,NA,NA,"3000    LEEWARD                      AV","","34.0587, -118.2891","34.0587","-118.2891"
"29206",151214586,"6/5/15","6/5/15",1023,12,"77th Street",1245,110,"CRIMINAL HOMICIDE","1407 1419 1402 1309 0430 0450 1100",53,"M","B",101,"STREET",102,"HAND GUN","AO","Adult Other",110,998,NA,NA,"BUDLONG                      AV","69TH                         ST","33.977, -118.2959","33.977","-118.2959"
"29207",151912449,"6/5/15","6/5/15",925,19,"Mission",1905,110,"CRIMINAL HOMICIDE","1810 0411 0395",57,"F","H",502,"MULTI-UNIT DWELLING (APARTMENT, DUPLEX, ETC)",205,"KITCHEN KNIFE","AA","Adult Arrest",110,NA,NA,NA,"13900    FOOTHILL                     BL","","34.3155, -118.4343","34.3155","-118.4343"
"29208",150911847,"6/8/15","6/8/15",2315,9,"Van Nuys",904,110,"CRIMINAL HOMICIDE","1100 0430 0906",35,"M","H",204,"MANUFACTURING COMPANY",102,"HAND GUN","IC","Invest Cont",110,998,NA,NA,"14500    KESWICK                      ST","","34.2103, -118.4488","34.2103","-118.4488"
"29209",151111874,"6/8/15","6/8/15",415,11,"Northeast",1142,110,"CRIMINAL HOMICIDE","0411 0400 1402",22,"M","W",103,"ALLEY",500,"UNKNOWN WEAPON/OTHER WEAPON","AA","Adult Arrest",110,998,NA,NA,"1700 N  VERMONT                      AV","","34.1018, -118.2918","34.1018","-118.2918"
"29210",151812598,"6/17/15","6/12/15",1300,18,"Southeast",1832,110,"CRIMINAL HOMICIDE","1501",NA,"M","B",502,"MULTI-UNIT DWELLING (APARTMENT, DUPLEX, ETC)",400,"STRONG-ARM (HANDS, FIST, FEET OR BODILY FORCE)","AA","Adult Arrest",110,NA,NA,NA,"10400 S  BROADWAY","","33.9419, -118.2781","33.9419","-118.2781"
"29211",150314416,"6/14/15","6/13/15",2027,3,"Southwest",395,110,"CRIMINAL HOMICIDE","1100 0302 0342 0430 0906",38,"M","B",102,"SIDEWALK",106,"UNKNOWN FIREARM","IC","Invest Cont",110,NA,NA,NA,"1700 W  VERNON                       AV","","34.0073, -118.3108","34.0073","-118.3108"
"29212",151215113,"6/14/15","6/13/15",2210,12,"77th Street",1218,110,"CRIMINAL HOMICIDE","1100 0302 0430 1402 0906",29,"M","B",101,"STREET",106,"UNKNOWN FIREARM","IC","Invest Cont",110,NA,NA,NA,"800 W  56TH                         ST","","33.9915, -118.2871","33.9915","-118.2871"
"29213",150500888,"6/14/15","6/14/15",800,5,"Harbor",585,110,"CRIMINAL HOMICIDE","0430 1100 0913 1309",24,"M","H",101,"STREET",109,"SEMI-AUTOMATIC PISTOL","AA","Adult Arrest",110,NA,NA,NA,"20TH                         ST","MEYLER                       ST","33.7261, -118.2968","33.7261","-118.2968"
"29214",151812401,"6/14/15","6/14/15",235,18,"Southeast",1861,110,"CRIMINAL HOMICIDE","0906 1100 0430 1309 1822",31,"F","B",102,"SIDEWALK",106,"UNKNOWN FIREARM","AA","Adult Arrest",110,NA,NA,NA,"700 W  115TH                        ST","","33.9298, -118.287","33.9298","-118.287"
"29215",150711157,"6/17/15","6/17/15",335,7,"Wilshire",775,110,"CRIMINAL HOMICIDE","0430 1100 1233 0906 1402",25,"M","B",101,"STREET",104,"SHOTGUN","IC","Invest Cont",110,998,NA,NA,"1700 S  LONGWOOD                     AV","","34.0446, -118.3436","34.0446","-118.3436"
"29216",151313328,"6/19/15","6/19/15",2250,13,"Newton",1363,110,"CRIMINAL HOMICIDE","1100 0430 0327 1309 0906 1407 1419",30,"M","H",102,"SIDEWALK",103,"RIFLE","AA","Adult Arrest",110,998,NA,NA,"800 E  51ST                         ST","","33.9966, -118.2617","33.9966","-118.2617"
"29217",151215569,"6/20/15","6/20/15",22,12,"77th Street",1204,110,"CRIMINAL HOMICIDE","1100 1309 0342 1313 0302 0430 0906 1402 1407",35,"M","B",102,"SIDEWALK",106,"UNKNOWN FIREARM","IC","Invest Cont",110,NA,NA,NA,"1500 W  VERNON                       AV","","34.0037, -118.3034","34.0037","-118.3034"
"29218",150315013,"6/22/15","6/21/15",2310,3,"Southwest",395,110,"CRIMINAL HOMICIDE","0302 0309 0334 1100 1402 1407 1822 1259 0430 0906",17,"M","B",101,"STREET",102,"HAND GUN","IC","Invest Cont",110,NA,NA,NA,"SAINT ANDREWS                PL","W  43RD                         ST","34.0055, -118.3113","34.0055","-118.3113"
"29219",151300632,"6/21/15","6/21/15",223,13,"Newton",1354,110,"CRIMINAL HOMICIDE","1100 1309 1407 0309 0906",21,"M","H",101,"STREET",109,"SEMI-AUTOMATIC PISTOL","IC","Invest Cont",110,998,NA,NA,"4200    WALL                         ST","","34.0073, -118.2716","34.0073","-118.2716"
"29220",151313465,"6/21/15","6/21/15",2330,13,"Newton",1347,110,"CRIMINAL HOMICIDE","1100 1309 0430 0334 0302 0906 0309 1402",40,"M","H",102,"SIDEWALK",102,"HAND GUN","IC","Invest Cont",110,998,NA,NA,"4300    LIMA                         ST","","34.0058, -118.2462","34.0058","-118.2462"
"29221",150213501,"6/24/15","6/23/15",2204,2,"Rampart",236,110,"CRIMINAL HOMICIDE","1402 0416 0334 0432 0342 0906",23,"M","H",101,"STREET",302,"BLUNT INSTRUMENT","IC","Invest Cont",110,998,NA,NA,"ROCKWOOD                     ST","UNION                        AV","34.0657, -118.268","34.0657","-118.268"
"29222",150511612,"6/23/15","6/23/15",2325,5,"Harbor",517,110,"CRIMINAL HOMICIDE","0906 0430 0432 1100",18,"M","H",121,"YARD (RESIDENTIAL/BUSINESS)",109,"SEMI-AUTOMATIC PISTOL","IC","Invest Cont",110,NA,NA,NA,"1000    EUBANK                       AV","","33.7831, -118.2552","33.7831","-118.2552"
"29223",150315318,"6/28/15","6/27/15",2140,3,"Southwest",395,110,"CRIMINAL HOMICIDE","1816 0202 1309 0302 1100 0906 0309 0326 0430 0342",26,"M","B",102,"SIDEWALK",102,"HAND GUN","AA","Adult Arrest",110,NA,NA,NA,"4300 S  WESTERN                      AV","","34.0052, -118.3089","34.0052","-118.3089"
"29224",150615428,"6/28/15","6/28/15",1830,6,"Hollywood",646,110,"CRIMINAL HOMICIDE","1218 0411 0334 2004 0445 1402",48,"M","W",102,"SIDEWALK",207,"OTHER KNIFE","AA","Adult Arrest",110,998,NA,NA,"6700    LELAND                       WY","","34.0967, -118.3366","34.0967","-118.3366"
"29225",151216107,"6/28/15","6/28/15",800,12,"77th Street",1269,110,"CRIMINAL HOMICIDE","0906 1100 0450 0430 1407 1310",23,"M","H",101,"STREET",102,"HAND GUN","IC","Invest Cont",110,NA,NA,NA,"700 E  80TH                         ST","","33.9665, -118.2629","33.9665","-118.2629"
"29226",151216108,"6/28/15","6/28/15",800,12,"77th Street",1269,110,"CRIMINAL HOMICIDE","0906 0430 1822 1310",41,"M","H",101,"STREET",102,"HAND GUN","IC","Invest Cont",110,NA,NA,NA,"700 E  80TH                         ST","","33.9665, -118.2629","33.9665","-118.2629"
"29227",150500942,"7/2/15","7/2/15",1815,5,"Harbor",513,110,"CRIMINAL HOMICIDE","0430 1100 0345",20,"M","H",103,"ALLEY",106,"UNKNOWN FIREARM","IC","Invest Cont",110,NA,NA,NA,"1100 W  253RD                        ST","","33.7947, -118.296","33.7947","-118.296"
"29228",150315753,"7/5/15","7/4/15",2250,3,"Southwest",374,110,"CRIMINAL HOMICIDE","0302 0305 0334 0430 1100 1270 1402 1407 1822 0906",28,"M","B",102,"SIDEWALK",102,"HAND GUN","IC","Invest Cont",110,NA,NA,NA,"3900    3RD                          AV","","34.0146, -118.3204","34.0146","-118.3204"
"29229",151100762,"7/4/15","7/4/15",1945,11,"Northeast",1119,110,"CRIMINAL HOMICIDE","0411 0416 0400 1218 1402",53,"M","W",101,"STREET",500,"UNKNOWN WEAPON/OTHER WEAPON","AA","Adult Arrest",110,998,NA,NA,"N  FIGUEROA                     ST","LA LOMA                      RD","34.1367, -118.1881","34.1367","-118.1881"
"29230",150615870,"7/5/15","7/5/15",2212,6,"Hollywood",646,110,"CRIMINAL HOMICIDE","1407 1409 1419 1416 1100 0430 0216 1402",30,"F","W",102,"SIDEWALK",104,"SHOTGUN","AA","Adult Arrest",110,998,NA,NA,"6700 W  SUNSET                       BL","","34.098, -118.3366","34.098","-118.3366"
"29231",151914278,"7/6/15","7/6/15",1029,19,"Mission",1909,110,"CRIMINAL HOMICIDE","0411 0406 0913",53,"M","W",501,"SINGLE FAMILY DWELLING",205,"KITCHEN KNIFE","AO","Adult Other",110,NA,NA,NA,"13600    GAVINA                       AV","","34.3185, -118.4008","34.3185","-118.4008"
"29232",151914263,"7/8/15","7/7/15",1930,19,"Mission",1913,110,"CRIMINAL HOMICIDE","0416 0417 1313 0406 0906",28,"M","H",102,"SIDEWALK",400,"STRONG-ARM (HANDS, FIST, FEET OR BODILY FORCE)","AA","Adult Arrest",110,NA,NA,NA,"15400    COBALT                       ST","","34.3095, -118.4672","34.3095","-118.4672"
"29233",151216819,"7/8/15","7/8/15",340,12,"77th Street",1255,110,"CRIMINAL HOMICIDE","0906 1270 1100 0302 0430 1402",48,"M","B",101,"STREET",102,"HAND GUN","IC","Invest Cont",110,NA,NA,NA,"1000 W  77TH                         ST","","33.9703, -118.2918","33.9703","-118.2918"
"29234",151216828,"7/8/15","7/8/15",115,12,"77th Street",1211,110,"CRIMINAL HOMICIDE","0906 0361 0913 0603 0334 0411 1402",25,"M","B",501,"SINGLE FAMILY DWELLING",207,"OTHER KNIFE","AA","Adult Arrest",110,NA,NA,NA,"2300 W  54TH                         ST","","33.9932, -118.3182","33.9932","-118.3182"
"29235",151813606,"7/8/15","7/8/15",2325,18,"Southeast",1822,110,"CRIMINAL HOMICIDE","1402 0906 0430 1100",51,"M","B",101,"STREET",103,"RIFLE","AO","Adult Other",110,998,NA,NA,"10000 S  BROADWAY","","33.9456, -118.2781","33.9456","-118.2781"
"29236",151217028,"7/12/15","7/11/15",2038,12,"77th Street",1258,110,"CRIMINAL HOMICIDE","0906 1100 0302 0345 0353 1407 1402 0430",15,"M","B",102,"SIDEWALK",109,"SEMI-AUTOMATIC PISTOL","JA","Juv Arrest",110,NA,NA,NA,"7200 S  BROADWAY","","33.9747, -118.2783","33.9747","-118.2783"
"29237",150116719,"7/14/15","7/14/15",1245,1,"Central",195,110,"CRIMINAL HOMICIDE","0344 0416 1300 1309",55,"M","H",101,"STREET",307,"VEHICLE","IC","Invest Cont",110,NA,NA,NA,"16TH","MAPLE                        AV","34.0319, -118.2594","34.0319","-118.2594"
"29238",150913665,"7/15/15","7/15/15",2115,9,"Van Nuys",904,110,"CRIMINAL HOMICIDE","0430 1100",38,"M","H",108,"PARKING LOT",102,"HAND GUN","AA","Adult Arrest",110,NA,NA,NA,"15200    STAGG                        ST","","34.2121, -118.4646","34.2121","-118.4646"
"29239",151914863,"7/19/15","7/18/15",2330,19,"Mission",1936,110,"CRIMINAL HOMICIDE","0416 0330 1402 0417 1317 0406",57,"M","H",101,"STREET",400,"STRONG-ARM (HANDS, FIST, FEET OR BODILY FORCE)","IC","Invest Cont",110,510,998,NA,"11300    ACALA                        AV","","34.2758, -118.4479","34.2758","-118.4479"
"29240",151217623,"7/20/15","7/19/15",2258,12,"77th Street",1252,110,"CRIMINAL HOMICIDE","0302 0334 0430 1402 1407 1100",38,"M","B",102,"SIDEWALK",102,"HAND GUN","IC","Invest Cont",110,NA,NA,NA,"6700    5TH                          AV","","33.9782, -118.3226","33.9782","-118.3226"
"29241",150316703,"7/21/15","7/20/15",1846,3,"Southwest",393,110,"CRIMINAL HOMICIDE","0302 1100 1300 0430 0326 1407 1409 1310 0906 0309",25,"M","B",101,"STREET",109,"SEMI-AUTOMATIC PISTOL","AA","Adult Arrest",110,NA,NA,NA,"3500 W  41ST                         ST","","34.0101, -118.3332","34.0101","-118.3332"
"29242",150512875,"7/21/15","7/21/15",1906,5,"Harbor",566,110,"CRIMINAL HOMICIDE","1402 1419 1407 1816 0906 1100 0430 0216",31,"M","H",101,"STREET",102,"HAND GUN","AA","Adult Arrest",110,998,NA,NA,"300 W  13TH                         ST","","33.7324, -118.2836","33.7324","-118.2836"
"29243",151315163,"7/22/15","7/22/15",2353,13,"Newton",1324,110,"CRIMINAL HOMICIDE","1100 0430 0334 0302 0906 0342 0216 0371 1419 1407",21,"M","H",101,"STREET",106,"UNKNOWN FIREARM","AA","Adult Arrest",110,998,NA,NA,"1400 E  22ND                         ST","","34.0202, -118.2505","34.0202","-118.2505"
"29244",151218143,"7/24/15","7/24/15",1430,12,"77th Street",1243,110,"CRIMINAL HOMICIDE","0408 1501",NA,"F","B",501,"SINGLE FAMILY DWELLING",400,"STRONG-ARM (HANDS, FIST, FEET OR BODILY FORCE)","AA","Adult Arrest",110,NA,NA,NA,"2000 W  64TH                         ST","","33.9814, -118.3133","33.9814","-118.3133"
"29245",151218031,"7/25/15","7/25/15",1600,12,"77th Street",1266,110,"CRIMINAL HOMICIDE","0430 1402 1100 0906",47,"M","B",122,"VEHICLE, PASSENGER/TRUCK",109,"SEMI-AUTOMATIC PISTOL","IC","Invest Cont",110,998,NA,NA,"81ST                         ST","HOOVER                       ST","33.9655, -118.2871","33.9655","-118.2871"
"29246",151611579,"7/26/15","7/26/15",614,16,"Foothill",1623,110,"CRIMINAL HOMICIDE","1100 0906 0430 1414 1402 0302 1409",29,"M","H",101,"STREET",107,"OTHER FIREARM","AA","Adult Arrest",110,998,NA,NA,"12600    PIERCE                       ST","","34.2685, -118.4152","34.2685","-118.4152"
"29247",151611580,"7/26/15","7/26/15",545,16,"Foothill",1623,110,"CRIMINAL HOMICIDE","0906 0430 1414 1402 1816 0302 1409",29,"M","H",101,"STREET",107,"OTHER FIREARM","AA","Adult Arrest",110,NA,NA,NA,"12600    PIERCE                       ST","","34.2685, -118.4152","34.2685","-118.4152"
"29248",151114335,"7/27/15","7/27/15",1523,11,"Northeast",1159,110,"CRIMINAL HOMICIDE","2004 1218 0342 0416 0400",54,"M","H",109,"PARK/PLAYGROUND",500,"UNKNOWN WEAPON/OTHER WEAPON","AA","Adult Arrest",110,NA,NA,NA,"4700 N  FIGUEROA                     ST","","34.1002, -118.2038","34.1002","-118.2038"
"29249",151216976,"7/27/15","7/27/15",730,12,"77th Street",1266,110,"CRIMINAL HOMICIDE","1402 0416",57,"M","B",102,"SIDEWALK",400,"STRONG-ARM (HANDS, FIST, FEET OR BODILY FORCE)","AO","Adult Other",110,NA,NA,NA,"8200 S  BROADWAY","","33.9661, -118.2849","33.9661","-118.2849"
"29250",150317593,"8/3/15","8/3/15",515,3,"Southwest",362,110,"CRIMINAL HOMICIDE","1100 0430 1814 2000 0395",28,"F","B",502,"MULTI-UNIT DWELLING (APARTMENT, DUPLEX, ETC)",109,"SEMI-AUTOMATIC PISTOL","AO","Adult Other",110,NA,NA,NA,"3800    POTOMAC                      AV","","34.015, -118.348","34.015","-118.348"
"29251",151114678,"8/18/15","8/3/15",900,11,"Northeast",1127,110,"CRIMINAL HOMICIDE","0400 1402",43,"M","H",104,"DRIVEWAY",500,"UNKNOWN WEAPON/OTHER WEAPON","AA","Adult Arrest",110,998,NA,NA,"6000    YORK                         BL","","34.12, -118.1893","34.12","-118.1893"
"29252",151611966,"8/4/15","8/4/15",2100,16,"Foothill",1633,110,"CRIMINAL HOMICIDE","1100 0906 0430 1816 1414 1309 0302 1270 1407 1419",18,"M","H",102,"SIDEWALK",102,"HAND GUN","AA","Adult Arrest",110,998,NA,NA,"TERRA BELLA                  ST","BROMONT                      AV","34.2735, -118.3975","34.2735","-118.3975"
"29253",150200916,"8/7/15","8/6/15",2030,2,"Rampart",236,110,"CRIMINAL HOMICIDE","0411 1402",71,"M","B",502,"MULTI-UNIT DWELLING (APARTMENT, DUPLEX, ETC)",200,"KNIFE WITH BLADE 6INCHES OR LESS","IC","Invest Cont",110,998,NA,NA,"200 S  BONNIE BRAE                  ST","","34.0644, -118.2686","34.0644","-118.2686"
"29254",151612061,"8/7/15","8/6/15",2230,16,"Foothill",1611,110,"CRIMINAL HOMICIDE","1402 0430 1100 0906 1414 0302 1822",29,"M","H",116,"OTHER/OUTSIDE",106,"UNKNOWN FIREARM","IC","Invest Cont",110,998,NA,NA,"13500    BROWNELL                     ST","","34.2826, -118.4276","34.2826","-118.4276"
"29255",151114895,"8/8/15","8/8/15",245,11,"Northeast",1173,110,"CRIMINAL HOMICIDE","1100 0430 0906",20,"M","H",101,"STREET",102,"HAND GUN","IC","Invest Cont",110,NA,NA,NA,"ECHO PARK                    AV","EWING                        ST","34.0877, -118.2502","34.0877","-118.2502"
"29256",151219068,"8/9/15","8/9/15",1245,12,"77th Street",1253,110,"CRIMINAL HOMICIDE","1100 1309 0430 1402 0906",23,"M","B",102,"SIDEWALK",109,"SEMI-AUTOMATIC PISTOL","IC","Invest Cont",110,998,NA,NA,"1700 W  FLORENCE                     AV","","33.9746, -118.3068","33.9746","-118.3068"
"29257",150118604,"8/11/15","8/11/15",144,1,"Central",147,110,"CRIMINAL HOMICIDE","1218 1100 0430 1202",60,"M","B",102,"SIDEWALK",102,"HAND GUN","AA","Adult Arrest",110,NA,NA,NA,"300 E  5TH                          ST","","34.0453, -118.2443","34.0453","-118.2443"
"29258",151115066,"8/11/15","8/11/15",245,11,"Northeast",1147,110,"CRIMINAL HOMICIDE","0430 0913 1100 1402",31,"F","H",501,"SINGLE FAMILY DWELLING",102,"HAND GUN","AA","Adult Arrest",110,998,NA,NA,"3200    ISABEL                       DR","","34.1034, -118.2316","34.1034","-118.2316"
"29259",150413331,"8/14/15","8/14/15",1700,4,"Hollenbeck",424,110,"CRIMINAL HOMICIDE","1402 0411",50,"M","H",109,"PARK/PLAYGROUND",500,"UNKNOWN WEAPON/OTHER WEAPON","IC","Invest Cont",110,998,NA,NA,"3700 N  MISSION                      RD","","34.0685, -118.2011","34.0685","-118.2011"
"29260",150618423,"8/15/15","8/15/15",30,6,"Hollywood",657,110,"CRIMINAL HOMICIDE","1409 1410 1402 0906 0342 0430 1100 1300 1419",39,"M","H",108,"PARKING LOT",106,"UNKNOWN FIREARM","AA","Adult Arrest",110,998,NA,NA,"900 N  WESTERN                      AV","","34.0888, -118.3124","34.0888","-118.3124"
"29261",151219411,"8/16/15","8/15/15",1820,12,"77th Street",1248,110,"CRIMINAL HOMICIDE","1313 0326 0906 1805 1809 0342 1100 1270 1309 0430",41,"M","B",102,"SIDEWALK",109,"SEMI-AUTOMATIC PISTOL","IC","Invest Cont",110,NA,NA,NA,"900 W  65TH                         ST","","33.9801, -118.2892","33.9801","-118.2892"
"29262",151815644,"8/16/15","8/15/15",2144,18,"Southeast",1849,110,"CRIMINAL HOMICIDE","0906 1100 0430 0302 0216",34,"M","B",101,"STREET",103,"RIFLE","AA","Adult Arrest",110,NA,NA,NA,"2100 E  115TH                        ST","","33.9305, -118.2349","33.9305","-118.2349"
"29263",151219426,"8/16/15","8/16/15",20,12,"77th Street",1266,110,"CRIMINAL HOMICIDE","1100 0302 0906 1270 0430",44,"M","B",102,"SIDEWALK",102,"HAND GUN","IC","Invest Cont",110,NA,NA,NA,"700 W  82ND                         ST","","33.9661, -118.2849","33.9661","-118.2849"
"29264",151218694,"8/18/15","8/17/15",2218,12,"77th Street",1215,110,"CRIMINAL HOMICIDE","0302 0334 0430 1100 1407 0906",49,"M","B",119,"PORCH, RESIDENTIAL",102,"HAND GUN","IC","Invest Cont",110,NA,NA,NA,"1500 W  53RD                         ST","","33.9942, -118.3024","33.9942","-118.3024"
"29265",151219556,"8/17/15","8/17/15",2345,12,"77th Street",1243,110,"CRIMINAL HOMICIDE","0906 1100 1402 0302 0430",52,"M","B",101,"STREET",101,"REVOLVER","IC","Invest Cont",110,NA,NA,NA,"1600 W  65TH                         PL","","33.9798, -118.3046","33.9798","-118.3046"
"29266",151219663,"8/18/15","8/18/15",2325,12,"77th Street",1258,110,"CRIMINAL HOMICIDE","0430 1100 0906 1270",23,"M","B",102,"SIDEWALK",102,"HAND GUN","AA","Adult Arrest",110,NA,NA,NA,"100 W  79TH                         ST","","33.9713, -118.2739","33.9713","-118.2739"
"29267",150318630,"8/19/15","8/19/15",2251,3,"Southwest",361,110,"CRIMINAL HOMICIDE","2000 0416 1814",57,"M","O",502,"MULTI-UNIT DWELLING (APARTMENT, DUPLEX, ETC)",400,"STRONG-ARM (HANDS, FIST, FEET OR BODILY FORCE)","AA","Adult Arrest",110,NA,NA,NA,"4000    URSULA                       AV","","34.0149, -118.3524","34.0149","-118.3524"
"29268",151916704,"8/20/15","8/19/15",2125,19,"Mission",1918,110,"CRIMINAL HOMICIDE","1202 0416 0417 0429",65,"M","H",108,"PARKING LOT",400,"STRONG-ARM (HANDS, FIST, FEET OR BODILY FORCE)","AA","Adult Arrest",110,NA,NA,NA,"13700    FOOTHILL                     BL","","34.3086, -118.4317","34.3086","-118.4317"
"29269",151700828,"8/20/15","8/20/15",230,17,"Devonshire",1723,110,"CRIMINAL HOMICIDE","1402 0416 0429 0417 0913",49,"M","B",121,"YARD (RESIDENTIAL/BUSINESS)",400,"STRONG-ARM (HANDS, FIST, FEET OR BODILY FORCE)","AA","Adult Arrest",110,998,NA,NA,"10300    DE SOTO                      AV","","34.2572, -118.5885","34.2572","-118.5885"
"29270",151916761,"8/21/15","8/21/15",454,19,"Mission",1991,110,"CRIMINAL HOMICIDE","0430 1100 0906",24,"M","H",101,"STREET",101,"REVOLVER","AA","Adult Arrest",110,NA,NA,NA,"14600    CABRITO                      RD","","34.2159, -118.4673","34.2159","-118.4673"
"29271",150618835,"8/22/15","8/22/15",15,6,"Hollywood",636,110,"CRIMINAL HOMICIDE","1402 0416",20,"M","H",735,"NIGHT CLUB (OPEN EVENINGS ONLY)",400,"STRONG-ARM (HANDS, FIST, FEET OR BODILY FORCE)","IC","Invest Cont",110,998,NA,NA,"1700 N  MC CADDEN                    PL","","34.1016, -118.3374","34.1016","-118.3374"
"29272",152015094,"8/23/15","8/22/15",1258,20,"Olympic",2042,110,"CRIMINAL HOMICIDE","1419 1409 1407 0342 1100 0430 1309 0444 0429 0202",NA,"M","B",102,"SIDEWALK",102,"HAND GUN","AO","Adult Other",110,998,NA,NA,"3900 W  8TH                          ST","","34.0581, -118.3112","34.0581","-118.3112"
"29273",151219995,"8/24/15","8/23/15",2030,12,"77th Street",1208,110,"CRIMINAL HOMICIDE","0302 0334 0430 1100 1240 1309 1310 1402 1822 0906",48,"M","B",101,"STREET",102,"HAND GUN","IC","Invest Cont",110,NA,NA,NA,"HARBOR                       FY","51ST                         ST","33.9997, -118.2849","33.9997","-118.2849"
"29274",150413708,"8/25/15","8/25/15",140,4,"Hollenbeck",438,110,"CRIMINAL HOMICIDE","0906 1407 1100 0302 0430",28,"M","H",102,"SIDEWALK",102,"HAND GUN","IC","Invest Cont",110,998,NA,NA,"ITHACA                       AV","HAVEN                        ST","34.0765, -118.1703","34.0765","-118.1703"
"29275",151317036,"8/25/15","8/25/15",2245,13,"Newton",1364,110,"CRIMINAL HOMICIDE","1407 1100 0430 1310",26,"M","H",101,"STREET",102,"HAND GUN","AA","Adult Arrest",110,998,NA,NA,"1200 E  45TH                         ST","","34.003, -118.2541","34.003","-118.2541"
"29276",150814115,"8/26/15","8/26/15",2030,8,"West LA",897,110,"CRIMINAL HOMICIDE","0906 1100 0430 1300 0309 1402 1407 1409",30,"M","B",104,"DRIVEWAY",102,"HAND GUN","IC","Invest Cont",110,998,NA,NA,"3100 S  CANFIELD                     AV","","34.0323, -118.3964","34.0323","-118.3964"
"29277",151816240,"8/26/15","8/26/15",1210,18,"Southeast",1822,110,"CRIMINAL HOMICIDE","0906 1100 0430 1816",40,"M","B",101,"STREET",102,"HAND GUN","IC","Invest Cont",110,NA,NA,NA,"100 E  CENTURY                      BL","","33.9456, -118.2739","33.9456","-118.2739"
"29278",151816241,"8/26/15","8/26/15",1210,18,"Southeast",1822,110,"CRIMINAL HOMICIDE","0906 0430 1816",46,"M","B",101,"STREET",102,"HAND GUN","IC","Invest Cont",110,NA,NA,NA,"100 E  CENTURY                      BL","","33.9456, -118.2739","33.9456","-118.2739"
"29279",151816259,"8/27/15","8/26/15",2350,18,"Southeast",1821,110,"CRIMINAL HOMICIDE","0906 0302 0334 0342 0430 1100 1240 1310 1407",57,"M","B",102,"SIDEWALK",103,"RIFLE","IC","Invest Cont",110,NA,NA,NA,"500 W  94TH                         ST","","33.951, -118.2827","33.951","-118.2827"
"29280",150401081,"8/27/15","8/27/15",1455,4,"Hollenbeck",438,110,"CRIMINAL HOMICIDE","1100 0302 0430 0906 0309 1309 1402 1407 1419",22,"M","H",101,"STREET",102,"HAND GUN","AA","Adult Arrest",110,998,NA,NA,"LOMBARDY                     BL","LA CALANDRIA                 DR","34.0758, -118.1737","34.0758","-118.1737"
"29281",151220278,"8/27/15","8/27/15",1810,12,"77th Street",1283,110,"CRIMINAL HOMICIDE","0906 1100 0430 1300",38,"M","B",710,"OTHER PREMISE",106,"UNKNOWN FIREARM","IC","Invest Cont",110,NA,NA,NA,"2100 W  CENTURY                      BL","","33.9486, -118.3094","33.9486","-118.3094"
"29282",151220328,"8/28/15","8/28/15",1000,12,"77th Street",1268,110,"CRIMINAL HOMICIDE","0906 1270 1822 0334 0302 1100 0430",36,"M","B",102,"SIDEWALK",109,"SEMI-AUTOMATIC PISTOL","IC","Invest Cont",110,NA,NA,NA,"8300 S  MAIN                         ST","","33.9637, -118.2739","33.9637","-118.2739"
"29283",151220372,"8/29/15","8/29/15",50,12,"77th Street",1267,110,"CRIMINAL HOMICIDE","0430 1309 1100 0906",33,"M","B",101,"STREET",102,"HAND GUN","AA","Adult Arrest",110,NA,NA,NA,"8400 S  BROADWAY","","33.9622, -118.285","33.9622","-118.285"
"29284",151220403,"8/29/15","8/29/15",1220,12,"77th Street",1232,110,"CRIMINAL HOMICIDE","1100 0906 0450 0430 1822",26,"M","B",102,"SIDEWALK",102,"HAND GUN","AA","Adult Arrest",110,998,NA,NA,"5800    8TH                          AV","","33.9891, -118.3264","33.9891","-118.3264"
"29285",151917337,"8/31/15","8/30/15",2315,19,"Mission",1977,110,"CRIMINAL HOMICIDE","0342 1270 0430 1100 1402 0906 1407 1409",41,"M","H",101,"STREET",102,"HAND GUN","AA","Adult Arrest",110,998,NA,NA,"8700    WOODMAN                      AV","","34.228, -118.4344","34.228","-118.4344"
"29286",151423154,"8/30/15","8/30/15",209,14,"Pacific",1412,110,"CRIMINAL HOMICIDE","1218 1100 0906 0430 1409 1407 1402",26,"M","B",102,"SIDEWALK",102,"HAND GUN","AA","Adult Arrest",110,998,NA,NA,"300    OCEAN FRONT                  WK","","33.9933, -118.4765","33.9933","-118.4765"
"29287",151317442,"9/2/15","9/2/15",1150,13,"Newton",1363,110,"CRIMINAL HOMICIDE","1419 0906 1407 0302 0334 0430 1100",25,"M","B",101,"STREET",109,"SEMI-AUTOMATIC PISTOL","AO","Adult Other",110,998,NA,NA,"BROADWAY","SLAUSON                      AV","33.9983, -118.2608","33.9983","-118.2608"
"29288",150501088,"9/3/15","9/3/15",1910,5,"Harbor",531,110,"CRIMINAL HOMICIDE","0430 1100 0202",42,"M","H",101,"STREET",102,"HAND GUN","AA","Adult Arrest",110,NA,NA,NA,"25900 S  WESTERN                      AV","","33.7882, -118.3076","33.7882","-118.3076"
"29289",151300726,"9/3/15","9/3/15",1450,13,"Newton",1362,110,"CRIMINAL HOMICIDE","0216 0906 1816 1100 0430 1309 1310 1240 1402",39,"M","H",101,"STREET",109,"SEMI-AUTOMATIC PISTOL","IC","Invest Cont",110,998,NA,NA,"100 E  50TH                         ST","","33.9974, -118.274","33.9974","-118.274"
"29290",151816728,"9/4/15","9/4/15",305,18,"Southeast",1824,110,"CRIMINAL HOMICIDE","1100 1402 0430 1309 1310 0906",27,"M","B",101,"STREET",106,"UNKNOWN FIREARM","AA","Adult Arrest",110,998,NA,NA,"9300 S  CENTRAL                      AV","","33.9518, -118.2554","33.9518","-118.2554"
"29291",150318708,"9/5/15","9/5/15",1426,3,"Southwest",334,110,"CRIMINAL HOMICIDE","1407 1414 1100 0345 0430",60,"M","B",102,"SIDEWALK",102,"HAND GUN","AA","Adult Arrest",110,NA,NA,NA,"4300 W  ADAMS                        BL","","34.0326, -118.3333","34.0326","-118.3333"
"29292",152100816,"9/5/15","9/5/15",35,21,"Topanga",2137,110,"CRIMINAL HOMICIDE","1223 1402 0411 0342 0906",28,"M","H",101,"STREET",200,"KNIFE WITH BLADE 6INCHES OR LESS","IC","Invest Cont",110,998,NA,NA,"SHERMAN                      WY","LURLINE","34.201, -118.5841","34.201","-118.5841"
"29293",151221243,"9/9/15","9/9/15",2005,12,"77th Street",1241,110,"CRIMINAL HOMICIDE","0913 1100 0334 0430",42,"M","B",121,"YARD (RESIDENTIAL/BUSINESS)",NA,"","IC","Invest Cont",110,NA,NA,NA,"6500 S  VICTORIA                     AV","","33.9806, -118.3323","33.9806","-118.3323"
"29294",151317785,"9/9/15","9/9/15",630,13,"Newton",1331,110,"CRIMINAL HOMICIDE","1251 1402 0411 0913 0552 1258 0602",10,"M","H",101,"STREET",200,"KNIFE WITH BLADE 6INCHES OR LESS","AA","Adult Arrest",110,998,NA,NA,"300 E  32ND                         ST","","34.0193, -118.2695","34.0193","-118.2695"
"29295",151317786,"9/9/15","9/9/15",630,13,"Newton",1331,110,"CRIMINAL HOMICIDE","1251 0411 0913 1258 0552",NA,"M","H",101,"STREET",200,"KNIFE WITH BLADE 6INCHES OR LESS","AA","Adult Arrest",110,NA,NA,NA,"300 E  32ND                         ST","","34.0193, -118.2695","34.0193","-118.2695"
"29296",151317787,"9/9/15","9/9/15",630,13,"Newton",1331,110,"CRIMINAL HOMICIDE","1251 1258 0913 0411",NA,"M","H",101,"STREET",200,"KNIFE WITH BLADE 6INCHES OR LESS","AA","Adult Arrest",110,NA,NA,NA,"300 E  32ND                         ST","","34.0193, -118.2695","34.0193","-118.2695"
"29297",150714608,"9/10/15","9/10/15",430,7,"Wilshire",749,110,"CRIMINAL HOMICIDE","0342 0416 0446 1300 1301 1309 1310 1402",19,"M","W",101,"STREET",304,"CLUB/BAT","AA","Adult Arrest",110,998,NA,NA,"900 S  VICTORIA                     AV","","34.0568, -118.3232","34.0568","-118.3232"
"29298",151317865,"9/10/15","9/10/15",1135,13,"Newton",1353,110,"CRIMINAL HOMICIDE","1100 0430 1407 0906",26,"M","B",101,"STREET",102,"HAND GUN","IC","Invest Cont",110,998,NA,NA,"700 E  47TH                         ST","","34.0037, -118.2609","34.0037","-118.2609"
"29299",151317874,"9/10/15","9/10/15",2000,13,"Newton",1343,110,"CRIMINAL HOMICIDE","1402 0334 1309 0408 0395 0411",36,"F","H",501,"SINGLE FAMILY DWELLING",200,"KNIFE WITH BLADE 6INCHES OR LESS","IC","Invest Cont",110,998,NA,NA,"600 E  MARTIN LUTHER KING JR        BL","","34.0111, -118.2653","34.0111","-118.2653"
"29300",152015903,"9/10/15","9/10/15",435,20,"Olympic",2029,110,"CRIMINAL HOMICIDE","0411 0906 1270 1809 1402 1409",21,"M","H",109,"PARK/PLAYGROUND",400,"STRONG-ARM (HANDS, FIST, FEET OR BODILY FORCE)","AA","Adult Arrest",110,998,NA,NA,"600 S  LAFAYETTE PARK               PL","","34.0652, -118.2878","34.0652","-118.2878"
"29301",151518200,"9/13/15","9/13/15",330,15,"N Hollywood",1506,110,"CRIMINAL HOMICIDE","0906 1100 0430 0350",30,"M","W",501,"SINGLE FAMILY DWELLING",102,"HAND GUN","IC","Invest Cont",110,NA,NA,NA,"11100    RUNNYMEDE                    ST","","34.2057, -118.3734","34.2057","-118.3734"
"29302",151613431,"9/13/15","9/13/15",1155,16,"Foothill",1621,110,"CRIMINAL HOMICIDE","0430 0906 1270 1309 1816 0302 1100 1414 1409 1407",23,"M","H",102,"SIDEWALK",102,"HAND GUN","AA","Adult Arrest",110,998,NA,NA,"13600    PINNEY                       ST","","34.2619, -118.4296","34.2619","-118.4296"
"29303",151117095,"9/16/15","9/16/15",1214,11,"Northeast",1102,110,"CRIMINAL HOMICIDE","1100 0602",55,"F","H",501,"SINGLE FAMILY DWELLING",103,"RIFLE","AO","Adult Other",110,NA,NA,NA,"4100    WILLIMET                     AV","","34.1323, -118.2667","34.1323","-118.2667"
"29304",151221735,"9/16/15","9/16/15",1745,12,"77th Street",1265,110,"CRIMINAL HOMICIDE","0906 1409 0334 0302 0430",51,"M","B",102,"SIDEWALK",102,"HAND GUN","IC","Invest Cont",110,998,NA,NA,"7900 S  NORMANDIE                    AV","","33.9673, -118.3003","33.9673","-118.3003"
"29305",151318231,"9/18/15","9/18/15",25,13,"Newton",1383,110,"CRIMINAL HOMICIDE","1100 1223 0430 1407",25,"M","H",101,"STREET",106,"UNKNOWN FIREARM","IC","Invest Cont",110,998,NA,NA,"200 E  GAGE                         AV","","33.9858, -118.2739","33.9858","-118.2739"
"29306",151015005,"9/19/15","9/19/15",1050,10,"West Valley",1035,110,"CRIMINAL HOMICIDE","0416 0913 1401 1409",54,"F","W",501,"SINGLE FAMILY DWELLING",304,"CLUB/BAT","AA","Adult Arrest",110,998,NA,NA,"18000    VICTORY                      BL","","34.1866, -118.5255","34.1866","-118.5255"
"29307",150414683,"9/20/15","9/20/15",1335,4,"Hollenbeck",412,110,"CRIMINAL HOMICIDE","0430 1100 0906 1407",17,"M","H",101,"STREET",102,"HAND GUN","AA","Adult Arrest",110,998,NA,NA,"BARRANCA                     ST","AVENUE 28","34.0804, -118.2168","34.0804","-118.2168"
"29308",150801409,"9/22/15","9/21/15",600,8,"West LA",838,110,"CRIMINAL HOMICIDE","0407 1402",21,"F","W",502,"MULTI-UNIT DWELLING (APARTMENT, DUPLEX, ETC)",400,"STRONG-ARM (HANDS, FIST, FEET OR BODILY FORCE)","AA","Adult Arrest",110,998,NA,NA,"10900    ROEBLING                     AV","","34.0661, -118.4485","34.0661","-118.4485"
"29309",151201086,"9/23/15","9/23/15",1637,12,"77th Street",1258,110,"CRIMINAL HOMICIDE","1100 0906 1816 1809 1270 1402 0430 0302",15,"M","H",103,"ALLEY",102,"HAND GUN","AA","Adult Arrest",110,NA,NA,NA,"7200 S  BROADWAY","","33.9747, -118.2783","33.9747","-118.2783"
"29310",152016612,"9/24/15","9/24/15",503,20,"Olympic",2029,110,"CRIMINAL HOMICIDE","1402 1409 1100 0430 0906",30,"M","H",101,"STREET",106,"UNKNOWN FIREARM","AA","Adult Arrest",110,998,NA,NA,"2800 W  6TH                          ST","","34.0632, -118.2831","34.0632","-118.2831"
"29311",151318610,"9/25/15","9/25/15",2310,13,"Newton",1377,110,"CRIMINAL HOMICIDE","1407 1100 0430 0906 1309",48,"M","B",101,"STREET",109,"SEMI-AUTOMATIC PISTOL","IC","Invest Cont",110,998,NA,NA,"5400    HOLMES                       AV","","33.9938, -118.2411","33.9938","-118.2411"
"29312",150321222,"9/27/15","9/27/15",500,3,"Southwest",317,110,"CRIMINAL HOMICIDE","0326 0302 1100 0430 0334 1309 1822 1402 1407 1414",30,"M","H",210,"RESTAURANT/FAST FOOD",102,"HAND GUN","AA","Adult Arrest",110,998,NA,NA,"2500 S  VERMONT                      AV","","34.0349, -118.2959","34.0349","-118.2959"
"29313",151518942,"9/27/15","9/27/15",1950,15,"N Hollywood",1525,110,"CRIMINAL HOMICIDE","0430 1309 0906 1100",24,"M","H",501,"SINGLE FAMILY DWELLING",102,"HAND GUN","AA","Adult Arrest",110,NA,NA,NA,"KITTRIDGE                    ST","HINES                        AV","34.1826, -118.3916","34.1826","-118.3916"
"29314",151818007,"9/27/15","9/27/15",1100,18,"Southeast",1846,110,"CRIMINAL HOMICIDE","1100 0302 1309 0430 1313 0906 1816 0342 1407 1402",39,"M","B",121,"YARD (RESIDENTIAL/BUSINESS)",109,"SEMI-AUTOMATIC PISTOL","IC","Invest Cont",110,NA,NA,NA,"1300 E  IMPERIAL                     HY","","33.9323, -118.2502","33.9323","-118.2502"
"29315",151818010,"9/27/15","9/27/15",1420,18,"Southeast",1838,110,"CRIMINAL HOMICIDE","0906 1100 1259 1402 0430",16,"M","B",102,"SIDEWALK",102,"HAND GUN","AA","Adult Arrest",110,998,NA,NA,"1900 E  103RD                        ST","","33.9431, -118.2391","33.9431","-118.2391"
"29316",150321616,"10/2/15","9/29/15",1540,3,"Southwest",331,110,"CRIMINAL HOMICIDE","0411 1202",71,"F","B",501,"SINGLE FAMILY DWELLING",500,"UNKNOWN WEAPON/OTHER WEAPON","AA","Adult Arrest",110,NA,NA,NA,"2900    VINEYARD                     AV","","34.0283, -118.3492","34.0283","-118.3492"
"29317",151015457,"9/29/15","9/29/15",100,10,"West Valley",1029,110,"CRIMINAL HOMICIDE","0906 0411 1402 1409 1401 0449 1414",32,"M","W",108,"PARKING LOT",223,"UNKNOWN TYPE CUTTING INSTRUMENT","AA","Adult Arrest",110,998,NA,NA,"VANOWEN","WOODLEY","34.1939, -118.4836","34.1939","-118.4836"
"29318",151919159,"10/1/15","10/1/15",800,19,"Mission",1983,110,"CRIMINAL HOMICIDE","0416 1501 0906",32,"M","W",502,"MULTI-UNIT DWELLING (APARTMENT, DUPLEX, ETC)",500,"UNKNOWN WEAPON/OTHER WEAPON","IC","Invest Cont",110,NA,NA,NA,"8500    COLUMBUS                     AV","","34.2247, -118.4655","34.2247","-118.4655"
"29319",151519250,"10/4/15","10/4/15",140,15,"N Hollywood",1506,110,"CRIMINAL HOMICIDE","0906 0602 0411 0554",25,"M","H",501,"SINGLE FAMILY DWELLING",200,"KNIFE WITH BLADE 6INCHES OR LESS","AA","Adult Arrest",110,NA,NA,NA,"11300    SATICOY                      ST","","34.2085, -118.3769","34.2085","-118.3769"
"29320",151519313,"10/4/15","10/4/15",2115,15,"N Hollywood",1502,110,"CRIMINAL HOMICIDE","1100 1313 0430 1309 1402 0216",44,"M","W",101,"STREET",102,"HAND GUN","IC","Invest Cont",110,NA,NA,NA,"7400    BELLAIRE                     AV","","34.2056, -118.4094","34.2056","-118.4094"
"29321",151716991,"10/4/15","10/4/15",2100,17,"Devonshire",1796,110,"CRIMINAL HOMICIDE","1309 0554 0416 1402",35,"M","B",101,"STREET",307,"VEHICLE","AA","Adult Arrest",110,998,NA,NA,"16900    NAPA                         ST","","34.2267, -118.5","34.2267","7 -118.5"
"29322",151818428,"10/4/15","10/4/15",50,18,"Southeast",1821,110,"CRIMINAL HOMICIDE","1100 0430 0906",21,"M","B",102,"SIDEWALK",102,"HAND GUN","AA","Adult Arrest",110,998,NA,NA,"500 W  COLDEN                       AV","","33.9492, -118.2827","33.9492","-118.2827"
"29323",151919305,"10/5/15","10/4/15",2300,19,"Mission",1993,110,"CRIMINAL HOMICIDE","0430 0906 1100 1402 1270",20,"M","B",102,"SIDEWALK",102,"HAND GUN","IC","Invest Cont",110,998,NA,NA,"8200    NOBLE                        AV","","34.2196, -118.4618","34.2196","-118.4618"
"29324",150321854,"10/6/15","10/6/15",800,3,"Southwest",361,110,"CRIMINAL HOMICIDE","0342 0305 0355 0344 0444 0429 0417 0416",43,"M","H",103,"ALLEY",400,"STRONG-ARM (HANDS, FIST, FEET OR BODILY FORCE)","AA","Adult Arrest",110,NA,NA,NA,"3900    GIBRALTAR                    AV","","34.0161, -118.3547","34.0161","-118.3547"
"29325",152116795,"10/6/15","10/6/15",1750,21,"Topanga",2136,110,"CRIMINAL HOMICIDE","1100 0430 0906",35,"M","H",101,"STREET",102,"HAND GUN","AA","Adult Arrest",110,NA,NA,NA,"7200    ETON                         AV","","34.201, -118.5955","34.201","-118.5955"
"29326",150918012,"10/11/15","10/10/15",2250,9,"Van Nuys",941,110,"CRIMINAL HOMICIDE","0906 1100 0430",19,"M","H",101,"STREET",106,"UNKNOWN FIREARM","AA","Adult Arrest",110,NA,NA,NA,"6000    KESTER                       AV","","34.1794, -118.4574","34.1794","-118.4574"
"29327",151426508,"10/14/15","10/13/15",2345,14,"Pacific",1445,110,"CRIMINAL HOMICIDE","0906 1202 0416 1402 0913",73,"M","O",104,"DRIVEWAY",500,"UNKNOWN WEAPON/OTHER WEAPON","AA","Adult Arrest",110,998,NA,NA,"3900    ALLA                         RD","","33.9968, -118.4411","33.9968","-118.4411"
"29328",150322538,"10/15/15","10/15/15",855,3,"Southwest",379,110,"CRIMINAL HOMICIDE","1223 1822 0919 1300 1309",35,"M","H",101,"STREET",307,"VEHICLE","AA","Adult Arrest",110,NA,NA,NA,"S  VERMONT                      AV","W  39TH                         ST","34.0155, -118.2915","34.0155","-118.2915"
"29329",150322727,"10/17/15","10/17/15",2320,3,"Southwest",311,110,"CRIMINAL HOMICIDE","1402 0913 0411",23,"M","H",104,"DRIVEWAY",204,"FOLDING KNIFE","AA","Adult Arrest",110,NA,NA,NA,"5500    GEER                         AV","","34.0302, -118.3635","34.0302","-118.3635"
"29330",150219706,"10/19/15","10/18/15",2310,2,"Rampart",279,110,"CRIMINAL HOMICIDE","1100 1300 0430 0906",27,"M","H",102,"SIDEWALK",107,"OTHER FIREARM","AA","Adult Arrest",110,NA,NA,NA,"1400 W  11TH                         ST","","34.0481, -118.2712","34.0481","-118.2712"
"29331",151223766,"10/18/15","10/18/15",400,12,"77th Street",1268,110,"CRIMINAL HOMICIDE","1100 1402 1407 0302 0430 0906 1251 1217",19,"M","H",101,"STREET",109,"SEMI-AUTOMATIC PISTOL","IC","Invest Cont",110,NA,NA,NA,"8400 S  MAIN                         ST","","33.9629, -118.2739","33.9629","-118.2739"
"29332",151614863,"10/18/15","10/18/15",1050,16,"Foothill",1622,110,"CRIMINAL HOMICIDE","1218 2004 0906 1100 1816 0334 0302 2001 0913 0430",50,"M","H",152,"UNDERPASS/BRIDGE*",102,"HAND GUN","AA","Adult Arrest",110,998,NA,NA,"RONALD REAGA                 FY","GOLDEN STATE                 FY","34.2694, -118.4315","34.2694","-118.4315"
"29333",151819153,"10/19/15","10/19/15",1735,18,"Southeast",1822,110,"CRIMINAL HOMICIDE","1100 1822 0430 0906",42,"F","B",501,"SINGLE FAMILY DWELLING",102,"HAND GUN","IC","Invest Cont",110,NA,NA,NA,"9300 S  MAIN                         ST","","33.9519, -118.2739","33.9519","-118.2739"
"29334",151224228,"10/25/15","10/24/15",2200,12,"77th Street",1269,110,"CRIMINAL HOMICIDE","0906 1816 0302 1100 0430 1407 1402 0342",43,"M","B",102,"SIDEWALK",111,"STARTER PISTOL/REVOLVER","IC","Invest Cont",110,NA,NA,NA,"600 E  83RD                         ST","","33.9638, -118.2651","33.9638","-118.2651"
"29335",151601307,"10/26/15","10/26/15",210,16,"Foothill",1623,110,"CRIMINAL HOMICIDE","1407 0430 0334 0302 0906 1100 1259 1414 1402 1822",15,"M","H",102,"SIDEWALK",102,"HAND GUN","IC","Invest Cont",110,998,NA,NA,"VAN NUYS                     BL","NORRIS                       AV","34.2704, -118.4162","34.2704","-118.4162"
"29336",150416350,"10/28/15","10/28/15",1414,4,"Hollenbeck",407,110,"CRIMINAL HOMICIDE","0400 1402 1415 0906 1100 0430",19,"F","H",109,"PARK/PLAYGROUND",106,"UNKNOWN FIREARM","AA","Adult Arrest",110,998,NA,NA,"4200    MONTEREY                     RD","","34.0881, -118.1877","34.0881","-118.1877"
"29337",150416351,"10/28/15","10/28/15",1414,4,"Hollenbeck",407,110,"CRIMINAL HOMICIDE","0400 0906",NA,"F","H",109,"PARK/PLAYGROUND",302,"BLUNT INSTRUMENT","JA","Juv Arrest",110,NA,NA,NA,"4200    MONTEREY                     RD","","34.0881, -118.1877","34.0881","-118.1877"
"29338",152119559,"12/2/15","10/28/15",1609,21,"Topanga",2189,110,"CRIMINAL HOMICIDE","1701",60,"F","W",502,"MULTI-UNIT DWELLING (APARTMENT, DUPLEX, ETC)",500,"UNKNOWN WEAPON/OTHER WEAPON","IC","Invest Cont",110,NA,NA,NA,"20500    VENTURA                      BL","","34.1683, -118.5787","34.1683","-118.5787"
"29339",151224705,"10/31/15","10/30/15",1830,12,"77th Street",1248,110,"CRIMINAL HOMICIDE","0302 0334 0342 0430 1100 1309 1402 1407 1822",24,"M","B",102,"SIDEWALK",102,"HAND GUN","AA","Adult Arrest",110,NA,NA,NA,"900 W  68TH                         ST","","33.9782, -118.2892","33.9782","-118.2892"
"29340",150517553,"11/3/15","11/3/15",1044,5,"Harbor",522,110,"CRIMINAL HOMICIDE","0906 1100 0430 1310",27,"M","H",103,"ALLEY",102,"HAND GUN","AA","Adult Arrest",110,NA,NA,NA,"700    GULF                         AV","","33.778, -118.2727","33.778","-118.2727"
"29341",150124553,"11/4/15","11/4/15",1614,1,"Central",174,110,"CRIMINAL HOMICIDE","1100 0430 0913",42,"M","H",203,"OTHER BUSINESS",102,"HAND GUN","AA","Adult Arrest",110,NA,NA,NA,"100 E  7TH                          ST","","34.0439, -118.2514","34.0439","-118.2514"
"29342",151921327,"11/6/15","11/5/15",2309,19,"Mission",1919,110,"CRIMINAL HOMICIDE","0906 1100 0430 1402 1310 0216 0303 1809 1270",26,"M","H",101,"STREET",102,"HAND GUN","AA","Adult Arrest",110,998,NA,NA,"12300    MONTERO                      AV","","34.2945, -118.4091","34.2945","-118.4091"
"29343",151119469,"11/6/15","11/6/15",2000,11,"Northeast",1183,110,"CRIMINAL HOMICIDE","1100 0906 0430 1402 1407",20,"M","H",101,"STREET",102,"HAND GUN","IC","Invest Cont",110,998,NA,NA,"1800    ECHO PARK                    AV","","34.0832, -118.2572","34.0832","-118.2572"
"29344",151225192,"11/6/15","11/6/15",40,12,"77th Street",1268,110,"CRIMINAL HOMICIDE","1402 1813 1814 0446 0429 0417 0416 0413 0406",33,"F","B",502,"MULTI-UNIT DWELLING (APARTMENT, DUPLEX, ETC)",400,"STRONG-ARM (HANDS, FIST, FEET OR BODILY FORCE)","AA","Adult Arrest",110,236,998,NA,"8300 S  SAN PEDRO                    ST","","33.964, -118.2739","33.964","-118.2739"
"29345",151921361,"11/6/15","11/6/15",1745,19,"Mission",1994,110,"CRIMINAL HOMICIDE","0430 0371 1100 0906 1402 0216 0342 0432 1805 1822",39,"M","H",108,"PARKING LOT",106,"UNKNOWN FIREARM","IC","Invest Cont",110,998,NA,NA,"7900    KESTER                       AV","","34.2147, -118.4565","34.2147","-118.4565"
"29346",150220743,"11/9/15","11/8/15",1840,2,"Rampart",291,110,"CRIMINAL HOMICIDE","1100 0906 0345 0334 0430",15,"M","H",102,"SIDEWALK",101,"REVOLVER","AA","Adult Arrest",110,NA,NA,NA,"1500    COURTLAND                    AV","","34.0444, -118.2834","34.0444","-118.2834"
"29347",150716978,"11/10/15","11/9/15",1900,7,"Wilshire",755,110,"CRIMINAL HOMICIDE","1414 0411 0554 1402",62,"M","B",501,"SINGLE FAMILY DWELLING",201,"KNIFE WITH BLADE OVER 6 INCHES IN LENGTH","AA","Adult Arrest",110,998,NA,NA,"1300 S  DUNSMUIR                     AV","","34.0494, -118.3532","34.0494","-118.3532"
"29348",151225474,"11/11/15","11/10/15",1000,12,"77th Street",1218,110,"CRIMINAL HOMICIDE","0408 0395",41,"M","W",501,"SINGLE FAMILY DWELLING",400,"STRONG-ARM (HANDS, FIST, FEET OR BODILY FORCE)","AA","Adult Arrest",110,NA,NA,NA,"600 W  57TH                         ST","","33.9906, -118.2842","33.9906","-118.2842"
"29349",150324518,"11/13/15","11/12/15",1746,3,"Southwest",356,110,"CRIMINAL HOMICIDE","1202 0302 1100 1409 1402 0430 1309 0554 1414",67,"M","B",101,"STREET",106,"UNKNOWN FIREARM","AO","Adult Other",110,998,NA,NA,"1500 W  36TH                         PL","","34.0219, -118.3031","34.0219","-118.3031"
"29350",151820400,"11/12/15","11/12/15",620,18,"Southeast",1826,110,"CRIMINAL HOMICIDE","1402 1311 1309 0342 0395",49,"M","H",101,"STREET",302,"BLUNT INSTRUMENT","IC","Invest Cont",110,NA,NA,NA,"1500 E  92ND                         ST","","33.9534, -118.2475","33.9534","-118.2475"
"29351",151820472,"11/13/15","11/13/15",2335,18,"Southeast",1802,110,"CRIMINAL HOMICIDE","1100 0906 0430 0442",21,"M","H",102,"SIDEWALK",102,"HAND GUN","AA","Adult Arrest",110,NA,NA,NA,"300 W  87TH                         ST","","33.9587, -118.2782","33.9587","-118.2782"
"29352",150324869,"11/18/15","11/18/15",423,3,"Southwest",396,110,"CRIMINAL HOMICIDE","1100 0906 1270 1309 0371 0430 0395",22,"M","H",103,"ALLEY",109,"SEMI-AUTOMATIC PISTOL","AA","Adult Arrest",110,NA,NA,NA,"900 W  41ST                         ST","","34.0092, -118.29","34.0092","-118.29"
"29353",151820667,"11/18/15","11/18/15",1923,18,"Southeast",1824,110,"CRIMINAL HOMICIDE","0906 1407 1409 0342 1251 1100 0371 0334 0430",20,"F","B",102,"SIDEWALK",102,"HAND GUN","IC","Invest Cont",110,998,NA,NA,"600 E  97TH                         ST","","33.9483, -118.2652","33.9483","-118.2652"
"29354",151820683,"11/18/15","11/18/15",2350,18,"Southeast",1804,110,"CRIMINAL HOMICIDE","0430 0906 1100 0309 0302",22,"M","B",102,"SIDEWALK",109,"SEMI-AUTOMATIC PISTOL","IC","Invest Cont",110,NA,NA,NA,"8800 S  CENTRAL                      AV","","33.9574, -118.2564","33.9574","-118.2564"
"29355",150324994,"11/19/15","11/19/15",1930,3,"Southwest",333,110,"CRIMINAL HOMICIDE","0100 0416 0325 0202 1822 0406 0417 1402 1414",57,"M","O",244,"TOBACCO SHOP",400,"STRONG-ARM (HANDS, FIST, FEET OR BODILY FORCE)","AA","Adult Arrest",110,NA,NA,NA,"2800    CRENSHAW                     BL","","34.0278, -118.3378","34.0278","-118.3378"
"29356",151120107,"11/22/15","11/22/15",205,11,"Northeast",1116,110,"CRIMINAL HOMICIDE","0430 1100 0906",35,"M","H",101,"STREET",102,"HAND GUN","IC","Invest Cont",110,NA,NA,NA,"5000    RAPHAEL                      ST","","34.1137, -118.2068","34.1137","-118.2068"
"29357",151821109,"11/27/15","11/27/15",2142,18,"Southeast",1846,110,"CRIMINAL HOMICIDE","0906 1100 0430",24,"M","B",121,"YARD (RESIDENTIAL/BUSINESS)",109,"SEMI-AUTOMATIC PISTOL","AA","Adult Arrest",110,NA,NA,NA,"11200    ZAMORA                       AV","","33.9331, -118.2511","33.9331","-118.2511"
"29358",150401393,"11/28/15","11/28/15",2315,4,"Hollenbeck",407,110,"CRIMINAL HOMICIDE","1402 1407 1100 1309 0302 0906 0430",25,"M","H",101,"STREET",107,"OTHER FIREARM","AA","Adult Arrest",110,998,NA,NA,"4400    MERCURY                      AV","","34.0859, -118.1929","34.0859","-118.1929"
"29359",151120421,"11/30/15","11/29/15",2220,11,"Northeast",1181,110,"CRIMINAL HOMICIDE","0430 1100 0906",19,"M","H",122,"VEHICLE, PASSENGER/TRUCK",106,"UNKNOWN FIREARM","IC","Invest Cont",110,NA,NA,NA,"1300    ALLESANDRO                   ST","","34.0795, -118.2636","34.0795","-118.2636"
"29360",151322319,"12/4/15","12/4/15",1325,13,"Newton",1361,110,"CRIMINAL HOMICIDE","0913 0411 1309 0406 0449 1402",38,"F","H",501,"SINGLE FAMILY DWELLING",205,"KITCHEN KNIFE","AA","Adult Arrest",110,998,NA,NA,"4700 S  GRAND                        AV","","34.0011, -118.2805","34.0011","-118.2805"
"29361",151821455,"12/5/15","12/4/15",2110,18,"Southeast",1801,110,"CRIMINAL HOMICIDE","0302 0309 0326 0334 0430 0906 1100 1309 1313 1407",18,"M","B",104,"DRIVEWAY",102,"HAND GUN","AA","Adult Arrest",110,NA,NA,NA,"9200 S  HOOVER                       ST","","33.9528, -118.2869","33.9528","-118.2869"
"29362",150222118,"12/7/15","12/6/15",2200,2,"Rampart",217,110,"CRIMINAL HOMICIDE","1402 0411 1218",66,"M","B",102,"SIDEWALK",200,"KNIFE WITH BLADE 6INCHES OR LESS","IC","Invest Cont",110,998,NA,NA,"ALVARADO                     ST","BELLEVUE                     AV","34.0729, -118.2664","34.0729","-118.2664"
"29363",150127158,"12/8/15","12/8/15",1325,1,"Central",157,110,"CRIMINAL HOMICIDE","1202 0411",64,"M","H",102,"SIDEWALK",207,"OTHER KNIFE","AA","Adult Arrest",110,NA,NA,NA,"500 E  5TH                          ST","","34.0442, -118.2439","34.0442","-118.2439"
"29364",150417864,"12/8/15","12/8/15",2023,4,"Hollenbeck",455,110,"CRIMINAL HOMICIDE","1100 0430 0906 1402 1407 1409 1410",20,"M","H",101,"STREET",106,"UNKNOWN FIREARM","IC","Invest Cont",110,998,NA,NA,"700    CORNWELL                     ST","","34.0523, -118.2068","34.0523","-118.2068"
"29365",151322701,"12/11/15","12/11/15",2235,13,"Newton",1325,110,"CRIMINAL HOMICIDE","0416 0913 0342 0602 0445 0446 1409",31,"M","B",102,"SIDEWALK",400,"STRONG-ARM (HANDS, FIST, FEET OR BODILY FORCE)","IC","Invest Cont",110,998,NA,NA,"1100 E  32ND                         ST","","34.0146, -118.2565","34.0146","-118.2565"
"29366",151821806,"12/12/15","12/12/15",1700,18,"Southeast",1846,110,"CRIMINAL HOMICIDE","1218 0416 0342 1201 1822 0906",66,"M","B",102,"SIDEWALK",400,"STRONG-ARM (HANDS, FIST, FEET OR BODILY FORCE)","AA","Adult Arrest",110,NA,NA,NA,"1400 E  IMPERIAL                     HY","","33.9323, -118.2502","33.9323","-118.2502"
"29367",150127503,"12/13/15","12/13/15",220,1,"Central",152,110,"CRIMINAL HOMICIDE","0430 1100",22,"M","B",108,"PARKING LOT",102,"HAND GUN","IC","Invest Cont",110,NA,NA,NA,"500 S  FLOWER                       ST","","34.0516, -118.2561","34.0516","-118.2561"
"29368",152020468,"12/13/15","12/13/15",2135,20,"Olympic",2021,110,"CRIMINAL HOMICIDE","0430 1100 1310 1402 1407 0906",28,"M","A",108,"PARKING LOT",106,"UNKNOWN FIREARM","IC","Invest Cont",110,998,NA,NA,"3900    WILSHIRE                     BL","","34.0653, -118.3183","34.0653","-118.3183"
"29369",151121190,"12/16/15","12/16/15",220,11,"Northeast",1139,110,"CRIMINAL HOMICIDE","1402 0411 0400 0416 0342",24,"M","H",101,"STREET",223,"UNKNOWN TYPE CUTTING INSTRUMENT","AA","Adult Arrest",110,998,NA,NA,"AVENUE 59","N  FIGUEROA                     ST","34.1105, -118.191","34.1105","-118.191"
"29370",151228237,"12/16/15","12/16/15",1015,12,"77th Street",1256,110,"CRIMINAL HOMICIDE","1311",37,"M","B",103,"ALLEY",500,"UNKNOWN WEAPON/OTHER WEAPON","IC","Invest Cont",110,NA,NA,NA,"300 W  74TH                         ST","","33.9728, -118.2783","33.9728","-118.2783"
"29371",151019011,"12/20/15","12/20/15",1630,10,"West Valley",1033,110,"CRIMINAL HOMICIDE","1414 1407 1419 2000 1100 0430 1814 1402 0913",21,"F","H",502,"MULTI-UNIT DWELLING (APARTMENT, DUPLEX, ETC)",103,"RIFLE","AA","Adult Arrest",110,998,NA,NA,"6200    RESEDA                       BL","","34.1847, -118.5441","34.1847","-118.5441"
"29372",151300824,"12/21/15","12/21/15",1153,13,"Newton",1377,110,"CRIMINAL HOMICIDE","1100 0430 1402 0906",46,"M","B",109,"PARK/PLAYGROUND",106,"UNKNOWN FIREARM","AA","Adult Arrest",110,998,NA,NA,"5300    COMPTON                      AV","","33.9948, -118.2478","33.9948","-118.2478"
"29373",150327042,"12/22/15","12/22/15",1030,3,"Southwest",334,110,"CRIMINAL HOMICIDE","1100 1402 0430 1309",29,"M","B",102,"SIDEWALK",109,"SEMI-AUTOMATIC PISTOL","AA","Adult Arrest",110,998,NA,NA,"2600 S  BRONSON                      AV","","34.0326, -118.3338","34.0326","-118.3338"
"29374",150921541,"12/22/15","12/22/15",2155,9,"Van Nuys",904,110,"CRIMINAL HOMICIDE","1402 1100 0430 0906",21,"M","H",101,"STREET",102,"HAND GUN","AA","Adult Arrest",110,998,NA,NA,"14500    SATICOY                      ST","","34.2084, -118.4599","34.2084","-118.4599"
"29375",152101085,"12/25/15","12/25/15",1308,21,"Topanga",2118,110,"CRIMINAL HOMICIDE","430",37,"M","W",501,"SINGLE FAMILY DWELLING",102,"HAND GUN","AA","Adult Arrest",110,NA,NA,NA,"20300    CANTARA                      ST","","34.2192, -118.5754","34.2192","-118.5754"
"29376",150626840,"12/27/15","12/27/15",2038,6,"Hollywood",625,110,"CRIMINAL HOMICIDE","0430 1100 1309 1401 1402 1407 1409",27,"M","H",101,"STREET",109,"SEMI-AUTOMATIC PISTOL","AO","Adult Other",110,998,NA,NA,"6900    CAMROSE                      DR","","34.1091, -118.34","34.1091","-118.34"
"29377",151801483,"12/30/15","12/29/15",1805,18,"Southeast",1864,110,"CRIMINAL HOMICIDE","1402 1407 1100 0430 0302 0906",23,"M","B",502,"MULTI-UNIT DWELLING (APARTMENT, DUPLEX, ETC)",109,"SEMI-AUTOMATIC PISTOL","AA","Adult Arrest",110,NA,NA,NA,"900 E  120TH                        ST","","33.9237, -118.2597","33.9237","-118.2597"
"29378",151924243,"12/30/15","12/30/15",1921,19,"Mission",1963,110,"CRIMINAL HOMICIDE","1402 0430 1100 0919 1310",37,"M","H",101,"STREET",109,"SEMI-AUTOMATIC PISTOL","AA","Adult Arrest",110,998,NA,NA,"9500    VAN NUYS                     BL","","34.2427, -118.4502","34.2427","-118.4502"
