"","CMPLNT_NUM","CMPLNT_FR_DT","CMPLNT_FR_TM","CMPLNT_TO_DT","CMPLNT_TO_TM","RPT_DT","KY_CD","OFNS_DESC","PD_CD","PD_DESC","CRM_ATPT_CPTD_CD","LAW_CAT_CD","JURIS_DESC","BORO_NM","ADDR_PCT_CD","LOC_OF_OCCUR_DESC","PREM_TYP_DESC","PARKS_NM","HADEVELOPT","X_COORD_CD","Y_COORD_CD","Latitude","Longitude","Lat_Lon"
"1",221262223,"6/29/15","4:25:00","6/29/15","4:25:00","6/30/15",102,"HOMICIDE-NEGLIGENT-VEHICLE",122,"HOMICIDE, NEGLIGENT, VEHICLE,","COMPLETED","FELONY","N.Y. POLICE DEPT","MANHATTAN",33,"FRONT OF","STREET","","",1000227,242604,40.83256112,-73.94226635,"(40.832561124, -73.942266354)"
"2",106263590,"11/8/15","6:30:00","11/8/15","9:10:00","11/8/15",102,"HOMICIDE-NEGLIGENT-VEHICLE",122,"HOMICIDE, NEGLIGENT, VEHICLE,","COMPLETED","FELONY","N.Y. POLICE DEPT","BROOKLYN",68,"","HIGHWAY/PARKWAY","","",977419,172430,40.63996269,-74.02461496,"(40.639962693, -74.024614956)"
"3",696581767,"12/1/15","18:14:00","","","12/1/15",102,"HOMICIDE-NEGLIGENT-VEHICLE",121,"HOMICIDE,NEGLIGENT,VEHICLE","COMPLETED","FELONY","N.Y. POLICE DEPT","BROOKLYN",61,"","STREET","","",1001266,152013,40.58390853,-73.93874071,"(40.583908529, -73.938740709)"
"4",521908418,"1/1/15","7:23:00","","","1/1/15",101,"MURDER & NON-NEGL. MANSLAUGHTER",NA,"","COMPLETED","FELONY","N.Y. POLICE DEPT","BRONX",45,"INSIDE","","","",1034505,240449,40.82651775,-73.81841444,"(40.826517752, -73.818414435)"
"5",792565718,"1/1/15","2:51:00","","","1/1/15",101,"MURDER & NON-NEGL. MANSLAUGHTER",NA,"","COMPLETED","FELONY","N.Y. HOUSING POLICE","BRONX",40,"INSIDE","","","SAINT MARY'S PARK",1009769,236748,40.81646566,-73.90780731,"(40.816465657, -73.907807308)"
"6",968922592,"1/2/15","19:28:00","","","1/2/15",101,"MURDER & NON-NEGL. MANSLAUGHTER",NA,"","COMPLETED","FELONY","N.Y. HOUSING POLICE","MANHATTAN",23,"INSIDE","","","",999165,225481,40.78556509,-73.94614208,"(40.78556509, -73.946142079)"
"7",146996306,"1/2/15","2:33:00","","","1/2/15",101,"MURDER & NON-NEGL. MANSLAUGHTER",NA,"","COMPLETED","FELONY","N.Y. HOUSING POLICE","QUEENS",107,"OUTSIDE","","","",1035760,205382,40.73026107,-73.81414857,"(40.730261069, -73.814148568)"
"8",457703924,"1/3/15","19:38:00","","","1/3/15",101,"MURDER & NON-NEGL. MANSLAUGHTER",NA,"","COMPLETED","FELONY","N.Y. POLICE DEPT","BROOKLYN",75,"OUTSIDE","","","",1012362,185943,40.67701092,-73.89865177,"(40.677010916, -73.898651772)"
"9",610877897,"1/4/15","16:00:00","","","1/4/15",101,"MURDER & NON-NEGL. MANSLAUGHTER",NA,"","COMPLETED","FELONY","N.Y. POLICE DEPT","BROOKLYN",60,"OUTSIDE","","","",986509,153677,40.58849192,-73.99186807,"(40.588491921, -73.991868066)"
"10",670922003,"1/4/15","15:00:00","","","1/4/15",101,"MURDER & NON-NEGL. MANSLAUGHTER",NA,"","COMPLETED","FELONY","N.Y. POLICE DEPT","MANHATTAN",17,"INSIDE","","","",994064,213844,40.75363169,-73.96457923,"(40.753631686, -73.964579225)"
"11",773245502,"1/6/15","22:05:00","","","1/6/15",101,"MURDER & NON-NEGL. MANSLAUGHTER",NA,"","COMPLETED","FELONY","N.Y. POLICE DEPT","QUEENS",106,"OUTSIDE","","","",1036648,181427,40.6645051,-73.81113095,"(40.664505097, -73.811130945)"
"12",765182639,"1/6/15","19:34:00","","","1/6/15",101,"MURDER & NON-NEGL. MANSLAUGHTER",NA,"","COMPLETED","FELONY","N.Y. POLICE DEPT","BROOKLYN",63,"OUTSIDE","","","",1006181,167872,40.62742744,-73.92099432,"(40.627427439, -73.92099432)"
"13",920797504,"1/8/15","17:30:00","","","1/8/15",101,"MURDER & NON-NEGL. MANSLAUGHTER",NA,"","COMPLETED","FELONY","N.Y. POLICE DEPT","BROOKLYN",77,"OUTSIDE","","","",999271,185194,40.67498697,-73.94584923,"(40.674986972, -73.945849231)"
"14",310877049,"1/10/15","23:00:00","","","1/10/15",101,"MURDER & NON-NEGL. MANSLAUGHTER",NA,"","COMPLETED","FELONY","N.Y. POLICE DEPT","STATEN ISLAND",120,"OUTSIDE","","","",958892,170827,40.63552913,-74.09136553,"(40.635529133, -74.091365534)"
"15",439946368,"1/10/15","2:25:00","","","1/10/15",101,"MURDER & NON-NEGL. MANSLAUGHTER",NA,"","COMPLETED","FELONY","N.Y. POLICE DEPT","QUEENS",101,"OUTSIDE","","","",1053494,161530,40.60977657,-73.75061339,"(40.609776567, -73.750613393)"
"16",414694370,"1/11/15","13:05:00","","","1/11/15",101,"MURDER & NON-NEGL. MANSLAUGHTER",NA,"","COMPLETED","FELONY","N.Y. POLICE DEPT","BROOKLYN",63,"OUTSIDE","","","",1005737,169981,40.63321729,-73.92258713,"(40.633217286, -73.92258713)"
"17",595556981,"1/12/15","22:20:00","","","1/12/15",101,"MURDER & NON-NEGL. MANSLAUGHTER",NA,"","COMPLETED","FELONY","N.Y. POLICE DEPT","BRONX",40,"OUTSIDE","","","",1010837,236281,40.81518072,-73.90395073,"(40.815180724, -73.903950729)"
"18",702613026,"1/12/15","15:28:00","","","1/12/15",101,"MURDER & NON-NEGL. MANSLAUGHTER",NA,"","COMPLETED","FELONY","N.Y. POLICE DEPT","QUEENS",114,"INSIDE","","","",1004883,220826,40.77277685,-73.92550818,"(40.772776849, -73.925508182)"
"19",571197659,"1/12/15","10:06:00","","","1/12/15",101,"MURDER & NON-NEGL. MANSLAUGHTER",NA,"","COMPLETED","FELONY","N.Y. POLICE DEPT","BROOKLYN",67,"INSIDE","","","",999390,172259,40.63948303,-73.94544926,"(40.639483032, -73.945449264)"
"20",303997305,"1/13/15","13:20:00","","","1/13/15",101,"MURDER & NON-NEGL. MANSLAUGHTER",NA,"","COMPLETED","FELONY","N.Y. POLICE DEPT","MANHATTAN",10,"OUTSIDE","","","",984088,215325,40.7577021,-74.0005862,"(40.757702098, -74.000586201)"
"21",971803122,"1/16/15","18:54:00","","","1/16/15",101,"MURDER & NON-NEGL. MANSLAUGHTER",NA,"","COMPLETED","FELONY","N.Y. POLICE DEPT","BRONX",46,"OUTSIDE","","","",1011256,251004,40.85558982,-73.90237774,"(40.855589815, -73.902377735)"
"22",904249733,"1/17/15","17:11:00","","","1/17/15",101,"MURDER & NON-NEGL. MANSLAUGHTER",NA,"","COMPLETED","FELONY","N.Y. HOUSING POLICE","MANHATTAN",19,"INSIDE","","","",994297,218680,40.76690501,-73.96373102,"(40.766905006, -73.963731019)"
"23",379222500,"1/18/15","11:17:00","","","1/18/15",101,"MURDER & NON-NEGL. MANSLAUGHTER",NA,"","COMPLETED","FELONY","N.Y. POLICE DEPT","QUEENS",100,"INSIDE","","","",1037018,154787,40.59138187,-73.81000554,"(40.591381869, -73.810005541)"
"24",526036818,"1/20/15","8:02:00","","","1/20/15",101,"MURDER & NON-NEGL. MANSLAUGHTER",NA,"","COMPLETED","FELONY","N.Y. POLICE DEPT","QUEENS",100,"OUTSIDE","","","",1037776,153560,40.58800946,-73.80728602,"(40.588009462, -73.807286023)"
"25",251674817,"1/20/15","22:15:00","","","1/20/15",101,"MURDER & NON-NEGL. MANSLAUGHTER",NA,"","COMPLETED","FELONY","N.Y. POLICE DEPT","STATEN ISLAND",122,"OUTSIDE","","","",965092,155703,40.59403247,-74.06898422,"(40.594032466, -74.068984221)"
"26",713299848,"1/20/15","21:34:00","","","1/20/15",101,"MURDER & NON-NEGL. MANSLAUGHTER",NA,"","COMPLETED","FELONY","N.Y. POLICE DEPT","MANHATTAN",14,"INSIDE","","","",987543,214140,40.75444896,-73.98811569,"(40.754448963, -73.988115693)"
"27",638083124,"1/20/15","15:00:00","","","1/20/15",101,"MURDER & NON-NEGL. MANSLAUGHTER",NA,"","COMPLETED","FELONY","N.Y. POLICE DEPT","QUEENS",102,"OUTSIDE","","","",1035652,193269,40.69701447,-73.81463073,"(40.69701447, -73.814630726)"
"28",578624521,"1/21/15","22:47:00","","","1/21/15",101,"MURDER & NON-NEGL. MANSLAUGHTER",NA,"","COMPLETED","FELONY","N.Y. POLICE DEPT","MANHATTAN",14,"INSIDE","","","",987608,215185,40.7573172,-73.98788056,"(40.757317199, -73.98788056)"
"29",764220319,"1/22/15","5:30:00","","","1/22/15",101,"MURDER & NON-NEGL. MANSLAUGHTER",NA,"","COMPLETED","FELONY","N.Y. POLICE DEPT","BRONX",41,"OUTSIDE","","","",1017269,234785,40.81105293,-73.88072126,"(40.811052926, -73.880721259)"
"30",864885984,"1/24/15","21:37:00","","","1/24/15",101,"MURDER & NON-NEGL. MANSLAUGHTER",NA,"","COMPLETED","FELONY","N.Y. POLICE DEPT","BROOKLYN",60,"INSIDE","","","",983408,149079,40.57587157,-74.00303243,"(40.575871566, -74.003032428)"
"31",900608720,"1/24/15","5:40:00","","","1/24/15",101,"MURDER & NON-NEGL. MANSLAUGHTER",NA,"","COMPLETED","FELONY","N.Y. POLICE DEPT","QUEENS",105,"INSIDE","","","",1053348,178228,40.65561,-73.75096825,"(40.655610001, -73.750968253)"
"32",586413666,"1/24/15","5:40:00","","","1/24/15",101,"MURDER & NON-NEGL. MANSLAUGHTER",NA,"","COMPLETED","FELONY","N.Y. POLICE DEPT","QUEENS",105,"INSIDE","","","",1053348,178228,40.65561,-73.75096825,"(40.655610001, -73.750968253)"
"33",143766740,"1/24/15","5:40:00","","","1/24/15",101,"MURDER & NON-NEGL. MANSLAUGHTER",NA,"","COMPLETED","FELONY","N.Y. POLICE DEPT","QUEENS",105,"INSIDE","","","",1053348,178228,40.65561,-73.75096825,"(40.655610001, -73.750968253)"
"34",801583743,"1/25/15","23:34:00","","","1/25/15",101,"MURDER & NON-NEGL. MANSLAUGHTER",NA,"","COMPLETED","FELONY","N.Y. POLICE DEPT","BROOKLYN",81,"OUTSIDE","","","",1006211,189585,40.68702477,-73.92081554,"(40.687024772, -73.920815537)"
"35",736472060,"1/25/15","23:19:00","","","1/25/15",101,"MURDER & NON-NEGL. MANSLAUGHTER",NA,"","COMPLETED","FELONY","N.Y. POLICE DEPT","QUEENS",113,"INSIDE","","","",1046959,186778,40.67912532,-73.77391494,"(40.679125323, -73.773914941)"
"36",538058210,"1/25/15","23:19:00","","","1/25/15",101,"MURDER & NON-NEGL. MANSLAUGHTER",NA,"","COMPLETED","FELONY","N.Y. POLICE DEPT","QUEENS",113,"INSIDE","","","",1046959,186778,40.67912532,-73.77391494,"(40.679125323, -73.773914941)"
"37",839225191,"1/25/15","14:43:00","","","1/25/15",101,"MURDER & NON-NEGL. MANSLAUGHTER",NA,"","COMPLETED","FELONY","N.Y. POLICE DEPT","MANHATTAN",13,"INSIDE","","","",986691,209691,40.74223785,-73.99119252,"(40.742237852, -73.991192516)"
"38",666897036,"1/25/15","3:18:00","","","1/25/15",101,"MURDER & NON-NEGL. MANSLAUGHTER",NA,"","COMPLETED","FELONY","N.Y. POLICE DEPT","QUEENS",113,"INSIDE","","","",1048592,182991,40.66871917,-73.76806362,"(40.668719174, -73.768063618)"
"39",318081103,"1/27/15","14:45:00","","","1/27/15",101,"MURDER & NON-NEGL. MANSLAUGHTER",NA,"","COMPLETED","FELONY","N.Y. POLICE DEPT","BROOKLYN",67,"OUTSIDE","","","",998712,170677,40.63514191,-73.94789561,"(40.635141912, -73.947895611)"
"40",435765960,"1/28/15","12:45:00","","","1/28/15",101,"MURDER & NON-NEGL. MANSLAUGHTER",NA,"","COMPLETED","FELONY","N.Y. POLICE DEPT","BRONX",40,"INSIDE","","","",1006709,238639,40.82166423,-73.91885603,"(40.821664228, -73.918856034)"
"41",796589131,"1/31/15","14:30:00","","","1/31/15",101,"MURDER & NON-NEGL. MANSLAUGHTER",NA,"","COMPLETED","FELONY","N.Y. POLICE DEPT","QUEENS",114,"OUTSIDE","","","",1006020,222899,40.77846396,-73.92139645,"(40.778463961, -73.92139645)"
"42",910204798,"2/1/15","23:16:00","","","2/1/15",101,"MURDER & NON-NEGL. MANSLAUGHTER",NA,"","COMPLETED","FELONY","N.Y. POLICE DEPT","MANHATTAN",30,"OUTSIDE","","","",996782,238170,40.82039662,-73.95472362,"(40.820396616, -73.954723617)"
"43",964025000,"2/1/15","4:00:00","","","2/1/15",101,"MURDER & NON-NEGL. MANSLAUGHTER",NA,"","COMPLETED","FELONY","N.Y. POLICE DEPT","BRONX",49,"OUTSIDE","","","",1021198,253603,40.86268728,-73.86642422,"(40.862687276, -73.866424221)"
"44",683494420,"2/13/15","23:00:00","","","2/13/15",101,"MURDER & NON-NEGL. MANSLAUGHTER",NA,"","COMPLETED","FELONY","N.Y. POLICE DEPT","QUEENS",102,"OUTSIDE","","","",1024850,189919,40.68787565,-73.85360602,"(40.687875653, -73.85360602)"
"45",816479024,"2/14/15","8:30:00","","","2/14/15",101,"MURDER & NON-NEGL. MANSLAUGHTER",NA,"","COMPLETED","FELONY","N.Y. POLICE DEPT","QUEENS",107,"INSIDE","","","",1036628,204948,40.72906475,-73.81102013,"(40.72906475, -73.811020132)"
"46",583433804,"2/16/15","1:45:00","","","2/16/15",101,"MURDER & NON-NEGL. MANSLAUGHTER",NA,"","COMPLETED","FELONY","N.Y. HOUSING POLICE","STATEN ISLAND",120,"INSIDE","","","WEST BRIGHTON I",951319,171306,40.63681897,-74.11865313,"(40.636818967, -74.118653127)"
"47",972859889,"2/16/15","0:03:00","","","2/16/15",101,"MURDER & NON-NEGL. MANSLAUGHTER",NA,"","COMPLETED","FELONY","N.Y. POLICE DEPT","MANHATTAN",23,"INSIDE","","","",1000531,229408,40.79634124,-73.94119982,"(40.796341237, -73.941199816)"
"48",296087478,"2/19/15","15:26:00","","","2/19/15",101,"MURDER & NON-NEGL. MANSLAUGHTER",NA,"","COMPLETED","FELONY","N.Y. POLICE DEPT","BRONX",52,"INSIDE","","","",1011708,254066,40.86399269,-73.90073126,"(40.863992687, -73.900731263)"
"49",954389201,"2/19/15","15:20:00","","","2/19/15",101,"MURDER & NON-NEGL. MANSLAUGHTER",NA,"","COMPLETED","FELONY","N.Y. POLICE DEPT","BRONX",47,"OUTSIDE","","","",1024586,259613,40.87916804,-73.85413951,"(40.879168036, -73.854139507)"
"50",527511234,"2/19/15","13:57:00","","","2/19/15",101,"MURDER & NON-NEGL. MANSLAUGHTER",NA,"","COMPLETED","FELONY","N.Y. HOUSING POLICE","BROOKLYN",88,"OUTSIDE","","","",990847,192565,40.69522897,-73.97621138,"(40.69522897, -73.976211379)"
"51",604881932,"2/19/15","9:12:00","","","2/19/15",101,"MURDER & NON-NEGL. MANSLAUGHTER",NA,"","COMPLETED","FELONY","N.Y. POLICE DEPT","BROOKLYN",75,"INSIDE","","","",1014409,183087,40.66916511,-73.89128469,"(40.669165105, -73.891284691)"
"52",286035710,"2/20/15","2:20:00","","","2/20/15",101,"MURDER & NON-NEGL. MANSLAUGHTER",NA,"","COMPLETED","FELONY","N.Y. POLICE DEPT","QUEENS",108,"OUTSIDE","","","",996933,209751,40.74239378,-73.9542317,"(40.74239378, -73.954231702)"
"53",201675352,"2/22/15","22:48:00","","","2/22/15",101,"MURDER & NON-NEGL. MANSLAUGHTER",NA,"","COMPLETED","FELONY","N.Y. POLICE DEPT","BROOKLYN",67,"OUTSIDE","","","",1003910,179163,40.65842413,-73.92914276,"(40.658424134, -73.929142764)"
"54",562179422,"2/22/15","18:30:00","","","2/22/15",101,"MURDER & NON-NEGL. MANSLAUGHTER",NA,"","COMPLETED","FELONY","N.Y. POLICE DEPT","BROOKLYN",69,"OUTSIDE","","","",1009756,173595,40.64312628,-73.90809365,"(40.64312628, -73.908093647)"
"55",240083745,"2/23/15","16:39:00","","","2/23/15",101,"MURDER & NON-NEGL. MANSLAUGHTER",NA,"","COMPLETED","FELONY","N.Y. HOUSING POLICE","MANHATTAN",9,"OUTSIDE","","","WALD",990311,201886,40.7208133,-73.97813591,"(40.720813298, -73.978135911)"
"56",774711325,"2/25/15","13:44:00","","","2/25/15",101,"MURDER & NON-NEGL. MANSLAUGHTER",NA,"","COMPLETED","FELONY","N.Y. POLICE DEPT","BROOKLYN",67,"INSIDE","","","",1006734,179770,40.6600835,-73.91896247,"(40.660083495, -73.91896247)"
"57",880136370,"2/27/15","17:00:00","","","2/27/15",101,"MURDER & NON-NEGL. MANSLAUGHTER",NA,"","COMPLETED","FELONY","N.Y. POLICE DEPT","BROOKLYN",75,"OUTSIDE","","","",1017036,183890,40.67135982,-73.88181102,"(40.67135982, -73.881811023)"
"58",756259143,"3/3/15","16:42:00","","","3/3/15",101,"MURDER & NON-NEGL. MANSLAUGHTER",NA,"","COMPLETED","FELONY","N.Y. POLICE DEPT","BRONX",43,"OUTSIDE","","","",1021688,244893,40.83877887,-73.86470137,"(40.838778865, -73.864701374)"
"59",512657013,"3/4/15","22:02:00","","","3/4/15",101,"MURDER & NON-NEGL. MANSLAUGHTER",NA,"","COMPLETED","FELONY","N.Y. POLICE DEPT","BRONX",46,"INSIDE","","","",1012077,249074,40.85028999,-73.89941792,"(40.850289992, -73.899417923)"
"60",186903611,"3/4/15","0:45:00","","","3/4/15",101,"MURDER & NON-NEGL. MANSLAUGHTER",NA,"","COMPLETED","FELONY","N.Y. POLICE DEPT","BRONX",49,"INSIDE","","","",1023622,253318,40.86189456,-73.85766248,"(40.861894559, -73.85766248)"
"61",913457744,"3/6/15","14:51:00","","","3/6/15",101,"MURDER & NON-NEGL. MANSLAUGHTER",NA,"","COMPLETED","FELONY","N.Y. POLICE DEPT","QUEENS",109,"INSIDE","","","",1035383,215652,40.75845178,-73.81543074,"(40.758451779, -73.81543074)"
"62",375225775,"3/6/15","12:45:00","","","3/6/15",101,"MURDER & NON-NEGL. MANSLAUGHTER",NA,"","COMPLETED","FELONY","N.Y. POLICE DEPT","QUEENS",100,"INSIDE","","","CARLETON MANOR",1039880,155193,40.59247876,-73.79969735,"(40.592478755, -73.799697347)"
"63",332244781,"3/9/15","15:00:00","","","3/9/15",101,"MURDER & NON-NEGL. MANSLAUGHTER",NA,"","COMPLETED","FELONY","N.Y. POLICE DEPT","BRONX",44,"INSIDE","","","",1006618,242128,40.83124077,-73.91917319,"(40.831240768, -73.91917319)"
"64",478030180,"3/10/15","14:30:00","","","3/10/15",101,"MURDER & NON-NEGL. MANSLAUGHTER",NA,"","COMPLETED","FELONY","N.Y. POLICE DEPT","BROOKLYN",71,"INSIDE","","","",999020,180686,40.66261394,-73.94676399,"(40.662613939, -73.946763988)"
"65",470083478,"3/13/15","20:26:00","","","3/13/15",101,"MURDER & NON-NEGL. MANSLAUGHTER",NA,"","COMPLETED","FELONY","N.Y. POLICE DEPT","BRONX",52,"OUTSIDE","","","",1013790,254575,40.86538302,-73.89320188,"(40.865383016, -73.893201875)"
"66",292434338,"3/13/15","1:15:00","","","3/13/15",101,"MURDER & NON-NEGL. MANSLAUGHTER",NA,"","COMPLETED","FELONY","N.Y. POLICE DEPT","BRONX",47,"OUTSIDE","","","",1026938,269116,40.90523966,-73.84557371,"(40.905239663, -73.845573705)"
"67",424887632,"3/14/15","15:00:00","","","3/14/15",101,"MURDER & NON-NEGL. MANSLAUGHTER",NA,"","COMPLETED","FELONY","N.Y. POLICE DEPT","BROOKLYN",76,"OUTSIDE","","","GOWANUS",987442,188309,40.68354911,-73.98849249,"(40.68354911, -73.988492488)"
"68",566038630,"3/14/15","1:09:00","","","3/14/15",101,"MURDER & NON-NEGL. MANSLAUGHTER",NA,"","COMPLETED","FELONY","N.Y. POLICE DEPT","QUEENS",104,"OUTSIDE","","","",1013787,195967,40.70451983,-73.8934704,"(40.704519831, -73.893470403)"
"69",577019291,"3/17/15","20:15:00","","","3/17/15",101,"MURDER & NON-NEGL. MANSLAUGHTER",NA,"","COMPLETED","FELONY","N.Y. POLICE DEPT","BRONX",44,"INSIDE","","","",1004966,246145,40.8422703,-73.92513039,"(40.842270296, -73.925130393)"
"70",595690546,"3/18/15","1:25:00","","","3/18/15",101,"MURDER & NON-NEGL. MANSLAUGHTER",NA,"","COMPLETED","FELONY","N.Y. POLICE DEPT","MANHATTAN",25,"OUTSIDE","","","",999861,230872,40.80036073,-73.94361623,"(40.800360728, -73.943616233)"
"71",963760426,"3/19/15","7:43:00","","","3/19/15",101,"MURDER & NON-NEGL. MANSLAUGHTER",NA,"","COMPLETED","FELONY","N.Y. POLICE DEPT","BRONX",45,"OUTSIDE","","","",1032140,242004,40.83079891,-73.8269488,"(40.830798914, -73.826948796)"
"72",307697401,"3/20/15","11:46:00","","","3/20/15",101,"MURDER & NON-NEGL. MANSLAUGHTER",NA,"","COMPLETED","FELONY","N.Y. POLICE DEPT","MANHATTAN",25,"INSIDE","","","",1001508,232696,40.80536404,-73.93766276,"(40.805364044, -73.937662763)"
"73",991973236,"3/21/15","15:55:00","","","3/21/15",101,"MURDER & NON-NEGL. MANSLAUGHTER",NA,"","COMPLETED","FELONY","N.Y. POLICE DEPT","BROOKLYN",70,"OUTSIDE","","","",991590,169049,40.63068216,-73.97355757,"(40.63068216, -73.973557573)"
"74",103480850,"3/22/15","2:00:00","","","3/22/15",101,"MURDER & NON-NEGL. MANSLAUGHTER",NA,"","COMPLETED","FELONY","N.Y. POLICE DEPT","QUEENS",104,"OUTSIDE","","","",1017909,196691,40.70649232,-73.87859999,"(40.70649232, -73.878599993)"
"75",716358982,"3/24/15","6:49:00","","","3/24/15",101,"MURDER & NON-NEGL. MANSLAUGHTER",NA,"","COMPLETED","FELONY","N.Y. POLICE DEPT","BROOKLYN",61,"OUTSIDE","","","",993280,160912,40.60834622,-73.96747988,"(40.608346224, -73.967479881)"
"76",937882914,"3/25/15","3:00:00","","","3/25/15",101,"MURDER & NON-NEGL. MANSLAUGHTER",NA,"","COMPLETED","FELONY","N.Y. POLICE DEPT","BRONX",42,"INSIDE","","","",1011901,241677,40.82998794,-73.90008459,"(40.829987943, -73.900084589)"
"77",796175408,"3/26/15","17:12:00","","","3/26/15",101,"MURDER & NON-NEGL. MANSLAUGHTER",NA,"","COMPLETED","FELONY","N.Y. POLICE DEPT","BRONX",43,"OUTSIDE","","","",1018877,241924,40.83064129,-73.87487558,"(40.830641293, -73.874875576)"
"78",778929045,"3/26/15","14:47:00","","","3/26/15",101,"MURDER & NON-NEGL. MANSLAUGHTER",NA,"","COMPLETED","FELONY","N.Y. POLICE DEPT","QUEENS",113,"OUTSIDE","","","",1047796,194750,40.70100059,-73.7708221,"(40.701000588, -73.770822101)"
"79",285494798,"3/26/15","13:59:00","","","3/26/15",101,"MURDER & NON-NEGL. MANSLAUGHTER",NA,"","COMPLETED","FELONY","N.Y. POLICE DEPT","BROOKLYN",75,"OUTSIDE","","","",1017226,185362,40.67539942,-73.88111889,"(40.675399421, -73.881118891)"
"80",990999196,"3/30/15","14:24:00","","","3/30/15",101,"MURDER & NON-NEGL. MANSLAUGHTER",NA,"","COMPLETED","FELONY","N.Y. POLICE DEPT","MANHATTAN",14,"INSIDE","","","",987832,212801,40.75077364,-73.98707329,"(40.750773635, -73.987073289)"
"81",833898389,"3/30/15","10:45:00","","","3/30/15",101,"MURDER & NON-NEGL. MANSLAUGHTER",NA,"","COMPLETED","FELONY","N.Y. POLICE DEPT","QUEENS",101,"OUTSIDE","","","",1051583,161477,40.60964582,-73.75749651,"(40.609645819, -73.757496513)"
"82",314863689,"3/31/15","1:40:00","","","3/31/15",101,"MURDER & NON-NEGL. MANSLAUGHTER",NA,"","COMPLETED","FELONY","N.Y. POLICE DEPT","QUEENS",113,"OUTSIDE","","","",1042590,186957,40.67964651,-73.78966501,"(40.679646509, -73.789665005)"
"83",576412989,"4/2/15","12:15:00","","","4/2/15",101,"MURDER & NON-NEGL. MANSLAUGHTER",NA,"","COMPLETED","FELONY","N.Y. POLICE DEPT","BROOKLYN",73,"OUTSIDE","","","HOWARD AVENUE",1008228,183789,40.67111083,-73.91356336,"(40.671110834, -73.913563363)"
"84",949490213,"4/4/15","3:27:00","","","4/4/15",101,"MURDER & NON-NEGL. MANSLAUGHTER",NA,"","COMPLETED","FELONY","N.Y. POLICE DEPT","STATEN ISLAND",122,"INSIDE","","","",960616,156846,40.59715896,-74.08510508,"(40.597158964, -74.085105077)"
"85",296861383,"4/5/15","17:09:00","","","4/5/15",101,"MURDER & NON-NEGL. MANSLAUGHTER",NA,"","COMPLETED","FELONY","N.Y. HOUSING POLICE","QUEENS",114,"OUTSIDE","","","",1001899,221194,40.77379337,-73.93628063,"(40.773793373, -73.936280628)"
"86",956403641,"4/5/15","3:20:00","","","4/5/15",101,"MURDER & NON-NEGL. MANSLAUGHTER",NA,"","COMPLETED","FELONY","N.Y. POLICE DEPT","BRONX",46,"OUTSIDE","","","",1010248,250176,40.85332023,-73.90602475,"(40.853320229, -73.906024752)"
"87",327399869,"4/8/15","21:01:00","","","4/8/15",101,"MURDER & NON-NEGL. MANSLAUGHTER",NA,"","COMPLETED","FELONY","N.Y. POLICE DEPT","BRONX",46,"INSIDE","","","",1010011,251248,40.85626324,-73.90687733,"(40.856263242, -73.906877332)"
"88",735734908,"4/12/15","3:05:00","","","4/12/15",101,"MURDER & NON-NEGL. MANSLAUGHTER",NA,"","COMPLETED","FELONY","N.Y. POLICE DEPT","BROOKLYN",83,"INSIDE","","","",1004788,191294,40.691719,-73.92594131,"(40.691718999, -73.92594131)"
"89",240754755,"4/13/15","11:28:00","","","4/13/15",101,"MURDER & NON-NEGL. MANSLAUGHTER",NA,"","COMPLETED","FELONY","N.Y. POLICE DEPT","BRONX",46,"INSIDE","","","",1011264,251672,40.85742325,-73.90234612,"(40.85742325, -73.902346124)"
"90",979070877,"4/15/15","10:22:00","","","4/15/15",101,"MURDER & NON-NEGL. MANSLAUGHTER",NA,"","COMPLETED","FELONY","N.Y. POLICE DEPT","BROOKLYN",67,"INSIDE","","","",1004248,178341,40.65616717,-73.92792698,"(40.656167168, -73.927926981)"
"91",548709073,"4/15/15","22:40:00","","","4/15/15",101,"MURDER & NON-NEGL. MANSLAUGHTER",NA,"","COMPLETED","FELONY","N.Y. POLICE DEPT","BRONX",48,"OUTSIDE","","","",1013695,250702,40.85475312,-73.89356235,"(40.854753119, -73.893562353)"
"92",670291095,"4/15/15","17:58:00","","","4/15/15",101,"MURDER & NON-NEGL. MANSLAUGHTER",NA,"","COMPLETED","FELONY","N.Y. POLICE DEPT","BRONX",43,"OUTSIDE","","","",1020219,239110,40.82291231,-73.8700413,"(40.822912308, -73.870041304)"
"93",878459818,"4/16/15","20:00:00","","","4/16/15",101,"MURDER & NON-NEGL. MANSLAUGHTER",NA,"","COMPLETED","FELONY","N.Y. POLICE DEPT","BROOKLYN",66,"OUTSIDE","","","",985875,167412,40.62619183,-73.99414744,"(40.62619183, -73.994147437)"
"94",178158125,"4/16/15","20:00:00","","","4/16/15",101,"MURDER & NON-NEGL. MANSLAUGHTER",NA,"","COMPLETED","FELONY","N.Y. POLICE DEPT","BROOKLYN",66,"OUTSIDE","","","",985875,167412,40.62619183,-73.99414744,"(40.62619183, -73.994147437)"
"95",509038609,"4/16/15","16:20:00","","","4/16/15",101,"MURDER & NON-NEGL. MANSLAUGHTER",NA,"","COMPLETED","FELONY","N.Y. POLICE DEPT","QUEENS",105,"OUTSIDE","","","",1057767,203992,40.72629034,-73.73476086,"(40.726290343, -73.73476086)"
"96",736849873,"4/17/15","19:09:00","","","4/17/15",101,"MURDER & NON-NEGL. MANSLAUGHTER",NA,"","COMPLETED","FELONY","N.Y. HOUSING POLICE","BROOKLYN",79,"OUTSIDE","","","MARCY",997754,193359,40.69740047,-73.95130181,"(40.697400473, -73.951301805)"
"97",789941286,"4/17/15","8:26:00","","","4/17/15",101,"MURDER & NON-NEGL. MANSLAUGHTER",NA,"","COMPLETED","FELONY","N.Y. POLICE DEPT","BROOKLYN",75,"OUTSIDE","","","",1018060,181555,40.66494692,-73.87813132,"(40.66494692, -73.878131316)"
"98",470787205,"4/19/15","4:25:00","","","4/19/15",101,"MURDER & NON-NEGL. MANSLAUGHTER",NA,"","COMPLETED","FELONY","N.Y. POLICE DEPT","QUEENS",103,"OUTSIDE","","","",1046496,197769,40.70929625,-73.77548264,"(40.709296246, -73.775482638)"
"99",794123103,"4/19/15","19:14:00","","","4/19/15",101,"MURDER & NON-NEGL. MANSLAUGHTER",NA,"","COMPLETED","FELONY","N.Y. POLICE DEPT","BROOKLYN",75,"OUTSIDE","","","",1013995,187170,40.68037342,-73.89275905,"(40.680373415, -73.892759054)"
"100",557884539,"4/19/15","14:29:00","","","4/19/15",101,"MURDER & NON-NEGL. MANSLAUGHTER",NA,"","COMPLETED","FELONY","N.Y. POLICE DEPT","QUEENS",102,"INSIDE","","","",1031076,193779,40.69843969,-73.83112954,"(40.698439694, -73.831129539)"
"101",562934691,"4/21/15","13:01:00","","","4/21/15",101,"MURDER & NON-NEGL. MANSLAUGHTER",NA,"","COMPLETED","FELONY","N.Y. POLICE DEPT","BROOKLYN",75,"OUTSIDE","","","",1020866,187181,40.68037785,-73.86798638,"(40.680377853, -73.867986378)"
"102",700124940,"4/27/15","20:27:00","","","4/27/15",101,"MURDER & NON-NEGL. MANSLAUGHTER",NA,"","COMPLETED","FELONY","N.Y. POLICE DEPT","BROOKLYN",70,"OUTSIDE","","","",997466,171457,40.63728479,-73.95238336,"(40.637284793, -73.952383355)"
"103",987638155,"4/27/15","20:27:00","","","4/27/15",101,"MURDER & NON-NEGL. MANSLAUGHTER",NA,"","COMPLETED","FELONY","N.Y. POLICE DEPT","BROOKLYN",70,"OUTSIDE","","","",997466,171457,40.63728479,-73.95238336,"(40.637284793, -73.952383355)"
"104",685202508,"4/27/15","17:45:00","","","4/27/15",101,"MURDER & NON-NEGL. MANSLAUGHTER",NA,"","COMPLETED","FELONY","N.Y. POLICE DEPT","BRONX",47,"OUTSIDE","","","",1023215,267025,40.89951778,-73.85905415,"(40.899517777, -73.859054145)"
"105",187236603,"4/27/15","1:00:00","","","4/27/15",101,"MURDER & NON-NEGL. MANSLAUGHTER",NA,"","COMPLETED","FELONY","N.Y. POLICE DEPT","BROOKLYN",90,"OUTSIDE","","","",994180,197484,40.70872736,-73.96418468,"(40.708727362, -73.964184681)"
"106",337882443,"4/29/15","12:33:00","","","4/29/15",101,"MURDER & NON-NEGL. MANSLAUGHTER",NA,"","COMPLETED","FELONY","N.Y. POLICE DEPT","QUEENS",113,"OUTSIDE","","","",1044719,190563,40.68952984,-73.78195687,"(40.689529839, -73.781956874)"
"107",250577924,"5/2/15","18:15:00","","","5/2/15",101,"MURDER & NON-NEGL. MANSLAUGHTER",NA,"","COMPLETED","FELONY","N.Y. POLICE DEPT","QUEENS",105,"OUTSIDE","","","",1054720,198426,40.71103787,-73.74581228,"(40.711037871, -73.745812281)"
"108",433939252,"5/5/15","14:23:00","","","5/5/15",101,"MURDER & NON-NEGL. MANSLAUGHTER",NA,"","COMPLETED","FELONY","N.Y. POLICE DEPT","QUEENS",110,"OUTSIDE","","","",1019428,212105,40.74879405,-73.87304069,"(40.748794048, -73.873040688)"
"109",739630918,"5/7/15","6:00:00","","","5/7/15",101,"MURDER & NON-NEGL. MANSLAUGHTER",NA,"","COMPLETED","FELONY","N.Y. POLICE DEPT","BROOKLYN",75,"OUTSIDE","","","",1011166,184643,40.67344643,-73.90296879,"(40.673446427, -73.902968791)"
"110",394806812,"5/8/15","2:22:00","","","5/8/15",101,"MURDER & NON-NEGL. MANSLAUGHTER",NA,"","COMPLETED","FELONY","N.Y. POLICE DEPT","MANHATTAN",28,"OUTSIDE","","","",997427,230378,40.7990088,-73.95240854,"(40.799008797, -73.952408541)"
"111",127854071,"5/9/15","12:43:00","","","5/9/15",101,"MURDER & NON-NEGL. MANSLAUGHTER",NA,"","COMPLETED","FELONY","N.Y. POLICE DEPT","QUEENS",113,"OUTSIDE","","","",1040720,190569,40.68957273,-73.79637673,"(40.689572726, -73.796376725)"
"112",963341341,"5/10/15","5:30:00","","","5/10/15",101,"MURDER & NON-NEGL. MANSLAUGHTER",NA,"","COMPLETED","FELONY","N.Y. POLICE DEPT","BROOKLYN",67,"OUTSIDE","","","",1001627,174239,40.6449136,-73.93738385,"(40.6449136, -73.937383848)"
"113",288133715,"5/10/15","4:14:00","","","5/10/15",101,"MURDER & NON-NEGL. MANSLAUGHTER",NA,"","COMPLETED","FELONY","N.Y. POLICE DEPT","MANHATTAN",34,"OUTSIDE","","","",1006854,254559,40.86535959,-73.91827848,"(40.865359586, -73.918278482)"
"114",667499006,"5/10/15","2:59:00","","","5/10/15",101,"MURDER & NON-NEGL. MANSLAUGHTER",NA,"","COMPLETED","FELONY","N.Y. POLICE DEPT","STATEN ISLAND",120,"INSIDE","","","",953229,169661,40.63231069,-74.11176377,"(40.63231069, -74.111763767)"
"115",667348663,"5/11/15","22:55:00","","","5/11/15",101,"MURDER & NON-NEGL. MANSLAUGHTER",NA,"","COMPLETED","FELONY","N.Y. POLICE DEPT","STATEN ISLAND",120,"OUTSIDE","","","",951586,172261,40.63944123,-74.11769574,"(40.639441225, -74.11769574)"
"116",561194414,"5/11/15","21:06:00","","","5/11/15",101,"MURDER & NON-NEGL. MANSLAUGHTER",NA,"","COMPLETED","FELONY","N.Y. POLICE DEPT","BROOKLYN",67,"OUTSIDE","","","",1004184,175829,40.64927242,-73.92816507,"(40.649272421, -73.928165066)"
"117",564915662,"5/11/15","12:01:00","","","5/11/15",101,"MURDER & NON-NEGL. MANSLAUGHTER",NA,"","COMPLETED","FELONY","N.Y. POLICE DEPT","BRONX",49,"INSIDE","","","",1020943,254814,40.86601216,-73.86733948,"(40.866012164, -73.867339484)"
"118",269081212,"5/12/15","23:42:00","","","5/12/15",101,"MURDER & NON-NEGL. MANSLAUGHTER",NA,"","COMPLETED","FELONY","N.Y. POLICE DEPT","MANHATTAN",23,"OUTSIDE","","","",999352,225822,40.78650073,-73.94546604,"(40.786500727, -73.945466039)"
"119",375045321,"5/13/15","9:42:00","","","5/13/15",101,"MURDER & NON-NEGL. MANSLAUGHTER",NA,"","COMPLETED","FELONY","N.Y. HOUSING POLICE","BROOKLYN",73,"INSIDE","","","OCEAN HILL-BROWNSVILLE",1006995,185258,40.67514616,-73.91800323,"(40.675146162, -73.918003234)"
"120",975134109,"5/17/15","4:05:00","","","5/17/15",101,"MURDER & NON-NEGL. MANSLAUGHTER",NA,"","COMPLETED","FELONY","N.Y. POLICE DEPT","QUEENS",107,"OUTSIDE","","","",1034388,197701,40.7091865,-73.81915607,"(40.709186497, -73.819156071)"
"121",627717321,"5/18/15","18:27:00","","","5/18/15",101,"MURDER & NON-NEGL. MANSLAUGHTER",NA,"","COMPLETED","FELONY","N.Y. POLICE DEPT","BROOKLYN",83,"OUTSIDE","","","",1001354,194181,40.69965045,-73.938317,"(40.699650446, -73.938316997)"
"122",441594081,"5/18/15","3:45:00","","","5/18/15",101,"MURDER & NON-NEGL. MANSLAUGHTER",NA,"","COMPLETED","FELONY","N.Y. POLICE DEPT","MANHATTAN",14,"INSIDE","","","",988236,212430,40.74975516,-73.98561539,"(40.749755161, -73.985615392)"
"123",591407458,"5/19/15","12:16:00","","","5/19/15",101,"MURDER & NON-NEGL. MANSLAUGHTER",NA,"","COMPLETED","FELONY","N.Y. POLICE DEPT","BROOKLYN",90,"OUTSIDE","","","",1000164,197539,40.70886959,-73.94260072,"(40.708869585, -73.942600717)"
"124",991894465,"5/20/15","9:40:00","","","5/20/15",101,"MURDER & NON-NEGL. MANSLAUGHTER",NA,"","COMPLETED","FELONY","N.Y. POLICE DEPT","BRONX",52,"OUTSIDE","","","",1013016,254741,40.86584119,-73.8959995,"(40.865841192, -73.895999497)"
"125",400044086,"5/22/15","3:47:00","","","5/22/15",101,"MURDER & NON-NEGL. MANSLAUGHTER",NA,"","COMPLETED","FELONY","N.Y. POLICE DEPT","BROOKLYN",79,"OUTSIDE","","","",996696,190463,40.68945317,-73.95512263,"(40.689453173, -73.955122632)"
"126",696847591,"5/22/15","8:30:00","","","5/22/15",101,"MURDER & NON-NEGL. MANSLAUGHTER",NA,"","COMPLETED","FELONY","N.Y. POLICE DEPT","BRONX",44,"OUTSIDE","","","",1007174,242892,40.8333363,-73.91716144,"(40.833336302, -73.917161436)"
"127",361197774,"5/23/15","19:22:00","","","5/23/15",101,"MURDER & NON-NEGL. MANSLAUGHTER",NA,"","COMPLETED","FELONY","N.Y. POLICE DEPT","BRONX",44,"OUTSIDE","","","",1008787,243961,40.83626606,-73.91132866,"(40.836266064, -73.911328663)"
"128",972919934,"5/24/15","13:29:00","","","5/24/15",101,"MURDER & NON-NEGL. MANSLAUGHTER",NA,"","COMPLETED","FELONY","N.Y. POLICE DEPT","BROOKLYN",75,"INSIDE","","","",1020916,189151,40.68578484,-73.86779539,"(40.685784842, -73.867795388)"
"129",196998699,"5/25/15","20:58:00","","","5/25/15",101,"MURDER & NON-NEGL. MANSLAUGHTER",NA,"","COMPLETED","FELONY","N.Y. POLICE DEPT","BROOKLYN",75,"OUTSIDE","","","",1017036,183890,40.67135982,-73.88181102,"(40.67135982, -73.881811023)"
"130",817137047,"5/26/15","23:17:00","","","5/26/15",101,"MURDER & NON-NEGL. MANSLAUGHTER",NA,"","COMPLETED","FELONY","N.Y. POLICE DEPT","BROOKLYN",62,"OUTSIDE","","","",988312,156893,40.59731855,-73.98537456,"(40.597318554, -73.985374556)"
"131",498759181,"5/26/15","21:28:00","","","5/26/15",101,"MURDER & NON-NEGL. MANSLAUGHTER",NA,"","COMPLETED","FELONY","N.Y. POLICE DEPT","BROOKLYN",70,"OUTSIDE","","","",995038,171204,40.63659365,-73.961132,"(40.636593652, -73.961131996)"
"132",646844860,"5/26/15","2:19:00","","","5/26/15",101,"MURDER & NON-NEGL. MANSLAUGHTER",NA,"","COMPLETED","FELONY","N.Y. POLICE DEPT","QUEENS",106,"OUTSIDE","","","",1031898,186190,40.67760528,-73.82821878,"(40.677605279, -73.82821878)"
"133",806546747,"5/27/15","15:30:00","","","5/27/15",101,"MURDER & NON-NEGL. MANSLAUGHTER",NA,"","COMPLETED","FELONY","N.Y. POLICE DEPT","BROOKLYN",81,"OUTSIDE","","","",1001964,186902,40.67967007,-73.93613621,"(40.679670066, -73.936136211)"
"134",688293603,"5/28/15","21:48:00","","","5/28/15",101,"MURDER & NON-NEGL. MANSLAUGHTER",NA,"","COMPLETED","FELONY","N.Y. POLICE DEPT","STATEN ISLAND",120,"OUTSIDE","","","",962383,171825,40.63827774,-74.07879081,"(40.638277737, -74.07879081)"
"135",145510067,"5/29/15","23:20:00","","","5/29/15",101,"MURDER & NON-NEGL. MANSLAUGHTER",NA,"","COMPLETED","FELONY","N.Y. POLICE DEPT","BRONX",46,"OUTSIDE","","","",1007142,249097,40.85036729,-73.91725589,"(40.850367293, -73.917255894)"
"136",287370505,"5/29/15","18:32:00","","","5/29/15",101,"MURDER & NON-NEGL. MANSLAUGHTER",NA,"","COMPLETED","FELONY","N.Y. POLICE DEPT","BRONX",46,"OUTSIDE","","","",1007751,250446,40.8540683,-73.91504987,"(40.854068298, -73.915049873)"
"137",908113054,"5/30/15","19:37:00","","","5/30/15",101,"MURDER & NON-NEGL. MANSLAUGHTER",NA,"","COMPLETED","FELONY","N.Y. POLICE DEPT","BROOKLYN",73,"OUTSIDE","","","",1007942,179784,40.66011877,-73.91460844,"(40.660118772, -73.914608435)"
"138",151605666,"5/30/15","18:46:00","","","5/30/15",101,"MURDER & NON-NEGL. MANSLAUGHTER",NA,"","COMPLETED","FELONY","N.Y. POLICE DEPT","QUEENS",101,"INSIDE","","","",1050748,159142,40.60324305,-73.7605268,"(40.60324305, -73.760526804)"
"139",781358830,"5/30/15","3:58:00","","","5/30/15",101,"MURDER & NON-NEGL. MANSLAUGHTER",NA,"","COMPLETED","FELONY","N.Y. HOUSING POLICE","BROOKLYN",73,"OUTSIDE","","","GARVEY (GROUP A)",1007915,183325,40.6698381,-73.91469332,"(40.669838101, -73.914693322)"
"140",413332672,"5/30/15","3:41:00","","","5/30/15",101,"MURDER & NON-NEGL. MANSLAUGHTER",NA,"","COMPLETED","FELONY","N.Y. POLICE DEPT","BRONX",44,"OUTSIDE","","","",1007885,246406,40.84297934,-73.91457973,"(40.842979335, -73.914579729)"
"141",654423302,"5/30/15","2:38:00","","","5/30/15",101,"MURDER & NON-NEGL. MANSLAUGHTER",NA,"","COMPLETED","FELONY","N.Y. POLICE DEPT","QUEENS",114,"OUTSIDE","","","",999925,214507,40.75544301,-73.94342325,"(40.755443005, -73.943423246)"
"142",550775697,"5/30/15","1:25:00","","","5/30/15",101,"MURDER & NON-NEGL. MANSLAUGHTER",NA,"","COMPLETED","FELONY","N.Y. POLICE DEPT","BRONX",40,"OUTSIDE","","","",1005947,235372,40.81269914,-73.92161974,"(40.812699137, -73.921619736)"
"143",763275757,"6/2/15","15:20:00","","","6/2/15",101,"MURDER & NON-NEGL. MANSLAUGHTER",NA,"","COMPLETED","FELONY","N.Y. POLICE DEPT","BROOKLYN",79,"OUTSIDE","","","",998530,188283,40.6834668,-73.94851407,"(40.683466804, -73.948514066)"
"144",817445600,"6/2/15","6:46:00","","","6/2/15",101,"MURDER & NON-NEGL. MANSLAUGHTER",NA,"","COMPLETED","FELONY","N.Y. POLICE DEPT","QUEENS",102,"INSIDE","","","",1035670,192640,40.69528791,-73.81457062,"(40.69528791, -73.814570615)"
"145",317024972,"6/3/15","21:40:00","","","6/3/15",101,"MURDER & NON-NEGL. MANSLAUGHTER",NA,"","COMPLETED","FELONY","N.Y. POLICE DEPT","BROOKLYN",77,"INSIDE","","","",1003833,184217,40.67229641,-73.92940561,"(40.672296411, -73.929405609)"
"146",753830763,"6/6/15","4:33:00","","","6/6/15",101,"MURDER & NON-NEGL. MANSLAUGHTER",NA,"","COMPLETED","FELONY","N.Y. HOUSING POLICE","MANHATTAN",23,"OUTSIDE","","","",1000866,226632,40.78872124,-73.93999677,"(40.788721243, -73.939996774)"
"147",370962035,"6/7/15","15:00:00","","","6/7/15",101,"MURDER & NON-NEGL. MANSLAUGHTER",NA,"","COMPLETED","FELONY","N.Y. POLICE DEPT","BRONX",47,"OUTSIDE","","","",1024584,262482,40.88704255,-73.85412946,"(40.887042546, -73.854129463)"
"148",422253102,"6/8/15","21:47:00","","","6/8/15",101,"MURDER & NON-NEGL. MANSLAUGHTER",NA,"","COMPLETED","FELONY","N.Y. HOUSING POLICE","BROOKLYN",69,"INSIDE","","","",1012833,175130,40.64733013,-73.89699956,"(40.647330127, -73.896999556)"
"149",257094799,"6/9/15","22:52:00","","","6/9/15",101,"MURDER & NON-NEGL. MANSLAUGHTER",NA,"","COMPLETED","FELONY","N.Y. POLICE DEPT","BRONX",48,"OUTSIDE","","","",1015109,251170,40.85603281,-73.88844881,"(40.856032809, -73.888448814)"
"150",780860302,"6/10/15","23:42:00","","","6/10/15",101,"MURDER & NON-NEGL. MANSLAUGHTER",NA,"","COMPLETED","FELONY","N.Y. POLICE DEPT","BROOKLYN",77,"OUTSIDE","","","",1002974,182973,40.66888377,-73.93250572,"(40.668883767, -73.932505719)"
"151",460038486,"6/10/15","18:49:00","","","6/10/15",101,"MURDER & NON-NEGL. MANSLAUGHTER",NA,"","COMPLETED","FELONY","N.Y. POLICE DEPT","BROOKLYN",77,"INSIDE","","","",1003393,183441,40.67016743,-73.93099399,"(40.670167427, -73.930993992)"
"152",758900303,"6/10/15","15:30:00","","","6/10/15",101,"MURDER & NON-NEGL. MANSLAUGHTER",NA,"","COMPLETED","FELONY","N.Y. POLICE DEPT","QUEENS",102,"OUTSIDE","","","",1024576,194555,40.70060164,-73.85456625,"(40.700601637, -73.854566254)"
"153",241204465,"6/12/15","1:18:00","","","6/12/15",101,"MURDER & NON-NEGL. MANSLAUGHTER",NA,"","COMPLETED","FELONY","N.Y. POLICE DEPT","BROOKLYN",77,"OUTSIDE","","","",1001879,183866,40.6713371,-73.93645061,"(40.671337101, -73.936450606)"
"154",766090453,"6/13/15","4:15:00","","","6/13/15",101,"MURDER & NON-NEGL. MANSLAUGHTER",NA,"","COMPLETED","FELONY","N.Y. POLICE DEPT","BROOKLYN",70,"OUTSIDE","","","",995410,177999,40.655244,-73.95978043,"(40.655244, -73.959780431)"
"155",278229194,"6/14/15","1:05:00","","","6/14/15",101,"MURDER & NON-NEGL. MANSLAUGHTER",NA,"","COMPLETED","FELONY","N.Y. POLICE DEPT","BROOKLYN",94,"OUTSIDE","","","",996051,200907,40.71812038,-73.95743013,"(40.718120384, -73.957430126)"
"156",141888510,"6/18/15","12:35:00","","","6/18/15",101,"MURDER & NON-NEGL. MANSLAUGHTER",NA,"","COMPLETED","FELONY","N.Y. POLICE DEPT","MANHATTAN",24,"INSIDE","","","",993543,230539,40.79945564,-73.96643661,"(40.799455636, -73.966436613)"
"157",658807094,"6/20/15","6:20:00","","","6/20/15",101,"MURDER & NON-NEGL. MANSLAUGHTER",NA,"","COMPLETED","FELONY","N.Y. POLICE DEPT","QUEENS",114,"INSIDE","","","",1002785,219545,40.76926549,-73.93308632,"(40.769265486, -73.933086319)"
"158",174048360,"6/22/15","0:02:00","","","6/22/15",101,"MURDER & NON-NEGL. MANSLAUGHTER",NA,"","COMPLETED","FELONY","N.Y. POLICE DEPT","BROOKLYN",60,"OUTSIDE","","","GRAVESEND",984688,150503,40.5797802,-73.99842466,"(40.579780195, -73.998424655)"
"159",524622346,"6/25/15","19:26:00","","","6/25/15",101,"MURDER & NON-NEGL. MANSLAUGHTER",NA,"","COMPLETED","FELONY","N.Y. POLICE DEPT","BRONX",42,"INSIDE","","","",1009026,239040,40.82275867,-73.91048313,"(40.822758665, -73.910483129)"
"160",775327208,"6/25/15","2:28:00","","","6/25/15",101,"MURDER & NON-NEGL. MANSLAUGHTER",NA,"","COMPLETED","FELONY","N.Y. POLICE DEPT","BRONX",43,"OUTSIDE","","","",1022179,245536,40.84054162,-73.86292328,"(40.840541616, -73.862923277)"
"161",279164037,"6/26/15","21:40:00","","","6/26/15",101,"MURDER & NON-NEGL. MANSLAUGHTER",NA,"","COMPLETED","FELONY","N.Y. POLICE DEPT","BRONX",52,"OUTSIDE","","","",1013973,253476,40.86236598,-73.89254513,"(40.862365981, -73.892545127)"
"162",392494493,"6/27/15","0:05:00","","","6/27/15",101,"MURDER & NON-NEGL. MANSLAUGHTER",NA,"","COMPLETED","FELONY","N.Y. HOUSING POLICE","MANHATTAN",23,"OUTSIDE","","","",1001028,229572,40.79679044,-73.93940441,"(40.796790443, -73.939404406)"
"163",270395525,"6/28/15","0:30:00","","","6/28/15",101,"MURDER & NON-NEGL. MANSLAUGHTER",NA,"","COMPLETED","FELONY","N.Y. POLICE DEPT","QUEENS",113,"OUTSIDE","","","",1047038,184470,40.67278984,-73.77365162,"(40.672789843, -73.773651622)"
"164",262196796,"6/29/15","22:46:00","","","6/29/15",101,"MURDER & NON-NEGL. MANSLAUGHTER",NA,"","COMPLETED","FELONY","N.Y. HOUSING POLICE","MANHATTAN",32,"OUTSIDE","","","",1001751,241630,40.82988489,-73.93676171,"(40.829884885, -73.936761711)"
"165",359838670,"6/29/15","0:21:00","","","6/29/15",101,"MURDER & NON-NEGL. MANSLAUGHTER",NA,"","COMPLETED","FELONY","N.Y. POLICE DEPT","BROOKLYN",81,"OUTSIDE","","","",1004384,187807,40.68214891,-73.92740856,"(40.682148913, -73.927408555)"
"166",237303743,"7/1/15","22:25:00","","","7/1/15",101,"MURDER & NON-NEGL. MANSLAUGHTER",NA,"","COMPLETED","FELONY","N.Y. POLICE DEPT","BROOKLYN",70,"OUTSIDE","","","",994561,177071,40.65269787,-73.96284167,"(40.652697872, -73.962841673)"
"167",284849296,"7/3/15","23:04:00","","","7/3/15",101,"MURDER & NON-NEGL. MANSLAUGHTER",NA,"","COMPLETED","FELONY","N.Y. POLICE DEPT","BROOKLYN",79,"INSIDE","","","",1000625,190785,40.69033059,-73.94095434,"(40.690330592, -73.940954341)"
"168",666590841,"7/3/15","5:08:00","","","7/3/15",101,"MURDER & NON-NEGL. MANSLAUGHTER",NA,"","COMPLETED","FELONY","N.Y. POLICE DEPT","BRONX",44,"OUTSIDE","","","",1004911,240519,40.82682868,-73.9253465,"(40.826828682, -73.9253465)"
"169",965042611,"7/4/15","3:30:00","","","7/4/15",101,"MURDER & NON-NEGL. MANSLAUGHTER",NA,"","COMPLETED","FELONY","N.Y. HOUSING POLICE","BROOKLYN",73,"OUTSIDE","","","KINGSBOROUGH 73",1006026,185469,40.67572775,-73.9214959,"(40.675727746, -73.921495901)"
"170",798718104,"7/5/15","5:00:00","","","7/5/15",101,"MURDER & NON-NEGL. MANSLAUGHTER",NA,"","COMPLETED","FELONY","N.Y. POLICE DEPT","BRONX",47,"OUTSIDE","","","",1026480,262584,40.88731363,-73.84727176,"(40.887313634, -73.847271758)"
"171",214447896,"7/7/15","13:20:00","","","7/7/15",101,"MURDER & NON-NEGL. MANSLAUGHTER",NA,"","COMPLETED","FELONY","N.Y. POLICE DEPT","BRONX",43,"OUTSIDE","","","",1021182,244763,40.83842418,-73.86653076,"(40.838424184, -73.866530759)"
"172",494677972,"7/7/15","3:30:00","","","7/7/15",101,"MURDER & NON-NEGL. MANSLAUGHTER",NA,"","COMPLETED","FELONY","N.Y. POLICE DEPT","BROOKLYN",75,"OUTSIDE","","","",1014735,186730,40.6791632,-73.89009306,"(40.679163198, -73.890093056)"
"173",807135477,"7/8/15","9:35:00","","","7/8/15",101,"MURDER & NON-NEGL. MANSLAUGHTER",NA,"","COMPLETED","FELONY","N.Y. POLICE DEPT","BRONX",50,"OUTSIDE","","","",1009418,258118,40.87512101,-73.90899518,"(40.875121011, -73.908995183)"
"174",331105290,"7/9/15","20:30:00","","","7/9/15",101,"MURDER & NON-NEGL. MANSLAUGHTER",NA,"","COMPLETED","FELONY","N.Y. HOUSING POLICE","BRONX",40,"INSIDE","","","",1004460,233795,40.80837424,-73.92699636,"(40.808374236, -73.926996358)"
"175",958655391,"7/13/15","23:18:00","","","7/13/15",101,"MURDER & NON-NEGL. MANSLAUGHTER",NA,"","COMPLETED","FELONY","N.Y. POLICE DEPT","MANHATTAN",23,"OUTSIDE","","","",1000778,226841,40.78929506,-73.94031405,"(40.789295058, -73.94031405)"
"176",734354959,"7/13/15","17:42:00","","","7/13/15",101,"MURDER & NON-NEGL. MANSLAUGHTER",NA,"","COMPLETED","FELONY","N.Y. POLICE DEPT","BROOKLYN",67,"OUTSIDE","","","",1005435,180852,40.66305655,-73.92364105,"(40.663056548, -73.923641048)"
"177",838730115,"7/13/15","2:31:00","","","7/13/15",101,"MURDER & NON-NEGL. MANSLAUGHTER",NA,"","COMPLETED","FELONY","N.Y. POLICE DEPT","BROOKLYN",70,"OUTSIDE","","","",995946,172083,40.63900517,-73.95785893,"(40.639005167, -73.957858926)"
"178",397758762,"7/14/15","20:52:00","","","7/14/15",101,"MURDER & NON-NEGL. MANSLAUGHTER",NA,"","COMPLETED","FELONY","N.Y. POLICE DEPT","BRONX",46,"OUTSIDE","","","",1011755,250279,40.85359837,-73.90057688,"(40.853598367, -73.900576881)"
"179",894358910,"7/15/15","0:50:00","","","7/15/15",101,"MURDER & NON-NEGL. MANSLAUGHTER",NA,"","COMPLETED","FELONY","N.Y. POLICE DEPT","BROOKLYN",70,"OUTSIDE","","","",994913,171125,40.63637696,-73.9615825,"(40.636376964, -73.9615825)"
"180",691039056,"7/16/15","15:20:00","","","7/16/15",101,"MURDER & NON-NEGL. MANSLAUGHTER",NA,"","COMPLETED","FELONY","N.Y. POLICE DEPT","BRONX",44,"OUTSIDE","","","",1004788,239947,40.82525899,-73.92579269,"(40.825258992, -73.92579269)"
"181",442342842,"7/17/15","21:18:00","","","7/17/15",101,"MURDER & NON-NEGL. MANSLAUGHTER",NA,"","COMPLETED","FELONY","N.Y. POLICE DEPT","BROOKLYN",75,"OUTSIDE","","","",1018272,181972,40.66609068,-73.87736505,"(40.666090679, -73.877365046)"
"182",929418283,"7/17/15","20:55:00","","","7/17/15",101,"MURDER & NON-NEGL. MANSLAUGHTER",NA,"","COMPLETED","FELONY","N.Y. POLICE DEPT","BRONX",47,"OUTSIDE","","","",1026975,267302,40.90026065,-73.84545143,"(40.900260645, -73.845451432)"
"183",385723583,"7/18/15","21:30:00","","","7/18/15",101,"MURDER & NON-NEGL. MANSLAUGHTER",NA,"","COMPLETED","FELONY","N.Y. POLICE DEPT","BROOKLYN",66,"INSIDE","","","",990858,171344,40.63698203,-73.97619251,"(40.636982025, -73.976192508)"
"184",481866028,"7/18/15","2:29:00","","","7/18/15",101,"MURDER & NON-NEGL. MANSLAUGHTER",NA,"","COMPLETED","FELONY","N.Y. POLICE DEPT","BROOKLYN",75,"OUTSIDE","","","",1014175,181585,40.66504325,-73.89213488,"(40.665043245, -73.892134878)"
"185",477203618,"7/19/15","23:17:00","","","7/19/15",101,"MURDER & NON-NEGL. MANSLAUGHTER",NA,"","COMPLETED","FELONY","N.Y. POLICE DEPT","QUEENS",112,"OUTSIDE","","","",1028480,202596,40.72265359,-73.84043373,"(40.722653586, -73.840433734)"
"186",840383930,"7/19/15","7:01:00","","","7/19/15",101,"MURDER & NON-NEGL. MANSLAUGHTER",NA,"","COMPLETED","FELONY","N.Y. POLICE DEPT","STATEN ISLAND",120,"OUTSIDE","","","",956627,163469,40.6153262,-74.09949614,"(40.615326201, -74.099496139)"
"187",632057150,"7/19/15","0:48:00","","","7/19/15",101,"MURDER & NON-NEGL. MANSLAUGHTER",NA,"","COMPLETED","FELONY","N.Y. POLICE DEPT","BRONX",48,"OUTSIDE","","","",1017158,246883,40.84425887,-73.8810629,"(40.844258872, -73.881062904)"
"188",783191312,"7/20/15","18:19:00","","","3/11/16",101,"MURDER & NON-NEGL. MANSLAUGHTER",NA,"","COMPLETED","FELONY","N.Y. POLICE DEPT","STATEN ISLAND",123,"OUTSIDE","","","",920251,131604,40.52767521,-74.23021601,"(40.527675213, -74.230216009)"
"189",990412447,"7/21/15","11:00:00","","","2/2/16",101,"MURDER & NON-NEGL. MANSLAUGHTER",NA,"","COMPLETED","FELONY","N.Y. POLICE DEPT","BRONX",47,"OUTSIDE","","","",1025358,263216,40.88905357,-73.85132571,"(40.88905357, -73.851325713)"
"190",917094218,"7/22/15","3:10:00","","","7/22/15",101,"MURDER & NON-NEGL. MANSLAUGHTER",NA,"","COMPLETED","FELONY","N.Y. POLICE DEPT","BROOKLYN",88,"OUTSIDE","","","",994820,188402,40.68379864,-73.9618905,"(40.683798638, -73.9618905)"
"191",133100075,"7/23/15","16:32:00","","","7/23/15",101,"MURDER & NON-NEGL. MANSLAUGHTER",NA,"","COMPLETED","FELONY","N.Y. POLICE DEPT","BROOKLYN",90,"INSIDE","","","",1000847,197758,40.70946943,-73.94013664,"(40.709469433, -73.940136643)"
"192",940907870,"7/23/15","16:07:00","","","7/23/15",101,"MURDER & NON-NEGL. MANSLAUGHTER",NA,"","COMPLETED","FELONY","N.Y. POLICE DEPT","BRONX",44,"INSIDE","","","",1008544,246212,40.84244507,-73.91219867,"(40.842445074, -73.912198673)"
"193",225925041,"7/23/15","16:07:00","","","7/23/15",101,"MURDER & NON-NEGL. MANSLAUGHTER",NA,"","COMPLETED","FELONY","N.Y. POLICE DEPT","BRONX",44,"INSIDE","","","",1008544,246212,40.84244507,-73.91219867,"(40.842445074, -73.912198673)"
"194",270582490,"7/23/15","8:40:00","","","7/23/15",101,"MURDER & NON-NEGL. MANSLAUGHTER",NA,"","COMPLETED","FELONY","N.Y. POLICE DEPT","BRONX",40,"OUTSIDE","","","",1009563,236603,40.81606827,-73.90855209,"(40.816068266, -73.908552085)"
"195",319813917,"7/24/15","9:11:00","","","7/24/15",101,"MURDER & NON-NEGL. MANSLAUGHTER",NA,"","COMPLETED","FELONY","N.Y. POLICE DEPT","MANHATTAN",32,"INSIDE","","","",1001808,236451,40.81566989,-73.93656929,"(40.815669885, -73.936569294)"
"196",743194981,"7/25/15","8:23:00","","","7/25/15",101,"MURDER & NON-NEGL. MANSLAUGHTER",NA,"","COMPLETED","FELONY","N.Y. POLICE DEPT","BROOKLYN",73,"OUTSIDE","","","",1009609,179530,40.65941698,-73.90860103,"(40.659416981, -73.90860103)"
"197",629845673,"7/25/15","5:11:00","","","7/25/15",101,"MURDER & NON-NEGL. MANSLAUGHTER",NA,"","COMPLETED","FELONY","N.Y. POLICE DEPT","BROOKLYN",73,"OUTSIDE","","","",1009968,182503,40.66757617,-73.90729576,"(40.667576169, -73.907295763)"
"198",853097849,"7/26/15","5:00:00","","","7/26/15",101,"MURDER & NON-NEGL. MANSLAUGHTER",NA,"","COMPLETED","FELONY","N.Y. POLICE DEPT","BRONX",47,"OUTSIDE","","","",1029334,256736,40.87124859,-73.83698932,"(40.871248594, -73.836989315)"
"199",381392434,"8/1/15","1:39:00","","","8/1/15",101,"MURDER & NON-NEGL. MANSLAUGHTER",NA,"","COMPLETED","FELONY","N.Y. HOUSING POLICE","BROOKLYN",63,"OUTSIDE","","","",1005702,170406,40.63438391,-73.92271188,"(40.634383905, -73.922711878)"
"200",676826727,"8/2/15","2:20:00","","","8/2/15",101,"MURDER & NON-NEGL. MANSLAUGHTER",NA,"","COMPLETED","FELONY","N.Y. HOUSING POLICE","BROOKLYN",88,"OUTSIDE","","","WHITMAN",991348,192045,40.6938013,-73.97440522,"(40.693801303, -73.974405224)"
"201",971811686,"8/2/15","1:30:00","","","8/2/15",101,"MURDER & NON-NEGL. MANSLAUGHTER",NA,"","COMPLETED","FELONY","N.Y. POLICE DEPT","BRONX",43,"OUTSIDE","","","",1023203,238742,40.8218896,-73.85926192,"(40.821889599, -73.859261922)"
"202",155937037,"8/4/15","13:20:00","","","8/4/15",101,"MURDER & NON-NEGL. MANSLAUGHTER",NA,"","COMPLETED","FELONY","N.Y. POLICE DEPT","BRONX",42,"INSIDE","","","",1010750,241556,40.82965936,-73.9042442,"(40.829659361, -73.904244201)"
"203",528159970,"8/5/15","1:19:00","","","8/5/15",101,"MURDER & NON-NEGL. MANSLAUGHTER",NA,"","COMPLETED","FELONY","N.Y. POLICE DEPT","QUEENS",105,"INSIDE","","","",1054174,200066,40.71554359,-73.74776469,"(40.715543594, -73.747764689)"
"204",133670827,"8/7/15","18:29:00","","","8/7/15",101,"MURDER & NON-NEGL. MANSLAUGHTER",NA,"","COMPLETED","FELONY","N.Y. HOUSING POLICE","BROOKLYN",63,"OUTSIDE","","","GLENWOOD",1006294,171273,40.63676218,-73.92057613,"(40.636762182, -73.920576127)"
"205",103879713,"8/7/15","4:00:00","","","8/7/15",101,"MURDER & NON-NEGL. MANSLAUGHTER",NA,"","COMPLETED","FELONY","N.Y. POLICE DEPT","QUEENS",102,"INSIDE","","","",1029927,194772,40.70117125,-73.83526651,"(40.701171248, -73.835266514)"
"206",313684287,"8/7/15","5:30:00","","","3/27/16",101,"MURDER & NON-NEGL. MANSLAUGHTER",NA,"","COMPLETED","FELONY","N.Y. POLICE DEPT","BRONX",45,"INSIDE","","","",1025397,243784,40.83571848,-73.85130396,"(40.835718483, -73.851303959)"
"207",857976712,"8/8/15","20:42:00","","","8/8/15",101,"MURDER & NON-NEGL. MANSLAUGHTER",NA,"","COMPLETED","FELONY","N.Y. POLICE DEPT","BROOKLYN",73,"OUTSIDE","","","",1010289,185605,40.67608952,-73.90612667,"(40.676089523, -73.906126672)"
"208",878311658,"8/13/15","20:14:00","","","8/13/15",101,"MURDER & NON-NEGL. MANSLAUGHTER",NA,"","COMPLETED","FELONY","N.Y. POLICE DEPT","BROOKLYN",73,"OUTSIDE","","","",1007755,180038,40.66081644,-73.91528155,"(40.660816444, -73.915281553)"
"209",842931737,"8/14/15","4:46:00","","","8/14/15",101,"MURDER & NON-NEGL. MANSLAUGHTER",NA,"","COMPLETED","FELONY","N.Y. HOUSING POLICE","BROOKLYN",73,"OUTSIDE","","","",1009910,184163,40.67213267,-73.90749852,"(40.672132666, -73.907498517)"
"210",800484388,"8/15/15","7:49:00","","","8/15/15",101,"MURDER & NON-NEGL. MANSLAUGHTER",NA,"","COMPLETED","FELONY","N.Y. POLICE DEPT","BROOKLYN",81,"OUTSIDE","","","",1001019,190844,40.6904918,-73.93953346,"(40.690491796, -73.939533459)"
"211",362905301,"8/16/15","22:15:00","","","8/16/15",101,"MURDER & NON-NEGL. MANSLAUGHTER",NA,"","COMPLETED","FELONY","N.Y. POLICE DEPT","BROOKLYN",69,"OUTSIDE","","","",1010576,175629,40.64870677,-73.90513094,"(40.648706769, -73.905130941)"
"212",158629507,"8/16/15","4:53:00","","","8/16/15",101,"MURDER & NON-NEGL. MANSLAUGHTER",NA,"","COMPLETED","FELONY","N.Y. POLICE DEPT","QUEENS",103,"OUTSIDE","","","",1047650,196031,40.70451767,-73.77133659,"(40.704517669, -73.771336588)"
"213",174834028,"8/16/15","3:06:00","","","8/16/15",101,"MURDER & NON-NEGL. MANSLAUGHTER",NA,"","COMPLETED","FELONY","N.Y. POLICE DEPT","BROOKLYN",83,"INSIDE","","","",1009741,192204,40.69420386,-73.90807734,"(40.694203859, -73.908077335)"
"214",252021438,"8/16/15","2:50:00","","","8/16/15",101,"MURDER & NON-NEGL. MANSLAUGHTER",NA,"","COMPLETED","FELONY","N.Y. POLICE DEPT","MANHATTAN",33,"OUTSIDE","","","",1001078,243677,40.83550462,-73.93918846,"(40.835504619, -73.939188456)"
"215",944345455,"8/17/15","6:17:00","","","8/17/15",101,"MURDER & NON-NEGL. MANSLAUGHTER",NA,"","COMPLETED","FELONY","N.Y. POLICE DEPT","BROOKLYN",83,"OUTSIDE","","","",1007032,193358,40.69737871,-73.91784246,"(40.697378708, -73.917842458)"
"216",910208961,"8/20/15","16:00:00","","","8/20/15",101,"MURDER & NON-NEGL. MANSLAUGHTER",NA,"","COMPLETED","FELONY","N.Y. POLICE DEPT","BRONX",47,"OUTSIDE","","","",1026412,258211,40.87531145,-73.84754521,"(40.875311451, -73.847545211)"
"217",289684412,"8/21/15","17:07:00","","","8/21/15",101,"MURDER & NON-NEGL. MANSLAUGHTER",NA,"","COMPLETED","FELONY","N.Y. POLICE DEPT","MANHATTAN",1,"INSIDE","","","",982761,204595,40.7282508,-74.00537373,"(40.728250797, -74.005373732)"
"218",434828699,"8/21/15","8:10:00","","","8/21/15",101,"MURDER & NON-NEGL. MANSLAUGHTER",NA,"","COMPLETED","FELONY","N.Y. POLICE DEPT","MANHATTAN",25,"OUTSIDE","","","",1001797,232216,40.80404601,-73.9366201,"(40.804046007, -73.936620103)"
"219",970094767,"8/22/15","7:30:00","","","8/22/15",101,"MURDER & NON-NEGL. MANSLAUGHTER",NA,"","COMPLETED","FELONY","N.Y. POLICE DEPT","BROOKLYN",83,"INSIDE","","","",1005154,194759,40.70122876,-73.92461076,"(40.70122876, -73.92461076)"
"220",620837770,"8/22/15","6:05:00","","","8/22/15",101,"MURDER & NON-NEGL. MANSLAUGHTER",NA,"","COMPLETED","FELONY","N.Y. POLICE DEPT","BRONX",52,"INSIDE","","","",1014613,255957,40.86917339,-73.89022012,"(40.869173391, -73.890220123)"
"221",541779777,"8/22/15","4:00:00","","","8/22/15",101,"MURDER & NON-NEGL. MANSLAUGHTER",NA,"","COMPLETED","FELONY","N.Y. POLICE DEPT","BROOKLYN",77,"INSIDE","","","",1003437,184082,40.67192673,-73.93083356,"(40.671926733, -73.930833555)"
"222",410653406,"8/22/15","1:23:00","","","8/22/15",101,"MURDER & NON-NEGL. MANSLAUGHTER",NA,"","COMPLETED","FELONY","N.Y. POLICE DEPT","BRONX",42,"INSIDE","","","",1010749,242580,40.83246995,-73.90424377,"(40.83246995, -73.90424377)"
"223",512001083,"8/23/15","21:55:00","","","8/23/15",101,"MURDER & NON-NEGL. MANSLAUGHTER",NA,"","COMPLETED","FELONY","N.Y. POLICE DEPT","BROOKLYN",70,"OUTSIDE","","","",997240,170490,40.63463092,-73.95319951,"(40.634630918, -73.953199509)"
"224",117584542,"8/24/15","4:03:00","","","8/24/15",101,"MURDER & NON-NEGL. MANSLAUGHTER",NA,"","COMPLETED","FELONY","N.Y. POLICE DEPT","BROOKLYN",83,"OUTSIDE","","","",1008637,194204,40.6996965,-73.91205127,"(40.699696503, -73.912051269)"
"225",230798847,"8/24/15","0:50:00","","","8/24/15",101,"MURDER & NON-NEGL. MANSLAUGHTER",NA,"","COMPLETED","FELONY","N.Y. HOUSING POLICE","BROOKLYN",90,"OUTSIDE","","","BORINQUEN PLAZA I",999673,195713,40.70385852,-73.9443759,"(40.703858516, -73.944375903)"
"226",352098259,"8/25/15","11:05:00","","","8/25/15",101,"MURDER & NON-NEGL. MANSLAUGHTER",NA,"","COMPLETED","FELONY","N.Y. POLICE DEPT","BRONX",50,"INSIDE","","","",1011816,263294,40.88932035,-73.90030284,"(40.889320349, -73.900302836)"
"227",606248738,"8/26/15","22:15:00","","","8/26/15",101,"MURDER & NON-NEGL. MANSLAUGHTER",NA,"","COMPLETED","FELONY","N.Y. HOUSING POLICE","BROOKLYN",61,"OUTSIDE","","","NOSTRAND",1002258,156234,40.59549237,-73.93515808,"(40.595492369, -73.93515808)"
"228",286325499,"8/26/15","13:19:00","","","8/26/15",101,"MURDER & NON-NEGL. MANSLAUGHTER",NA,"","COMPLETED","FELONY","N.Y. POLICE DEPT","BRONX",46,"OUTSIDE","","","",1011330,249447,40.85131609,-73.90211652,"(40.851316088, -73.902116523)"
"229",833513649,"8/28/15","22:00:00","","","8/28/15",101,"MURDER & NON-NEGL. MANSLAUGHTER",NA,"","COMPLETED","FELONY","N.Y. POLICE DEPT","MANHATTAN",7,"INSIDE","","","",987521,201066,40.71856407,-73.98820145,"(40.718564066, -73.988201454)"
"230",171638173,"8/28/15","1:54:00","","","8/28/15",101,"MURDER & NON-NEGL. MANSLAUGHTER",NA,"","COMPLETED","FELONY","N.Y. POLICE DEPT","BROOKLYN",71,"INSIDE","","","",995198,179420,40.6591446,-73.96054218,"(40.659144599, -73.960542179)"
"231",618311379,"8/29/15","5:00:00","","","8/29/15",101,"MURDER & NON-NEGL. MANSLAUGHTER",NA,"","COMPLETED","FELONY","N.Y. POLICE DEPT","QUEENS",114,"OUTSIDE","","","",1003632,220861,40.77287575,-73.93002468,"(40.772875746, -73.930024683)"
"232",664435895,"8/29/15","15:00:00","","","6/3/16",101,"MURDER & NON-NEGL. MANSLAUGHTER",NA,"","COMPLETED","FELONY","N.Y. HOUSING POLICE","STATEN ISLAND",120,"INSIDE","","","RICHMOND TERRACE",960040,174187,40.64475482,-74.08724139,"(40.644754824, -74.087241385)"
"233",544604346,"8/30/15","20:53:00","","","8/30/15",101,"MURDER & NON-NEGL. MANSLAUGHTER",NA,"","COMPLETED","FELONY","N.Y. POLICE DEPT","QUEENS",101,"OUTSIDE","","","",1051030,156181,40.59511361,-73.75954053,"(40.595113613, -73.759540532)"
"234",180183483,"8/30/15","20:46:00","","","8/30/15",101,"MURDER & NON-NEGL. MANSLAUGHTER",NA,"","COMPLETED","FELONY","N.Y. POLICE DEPT","BRONX",43,"OUTSIDE","","","",1018791,240921,40.82788869,-73.8751915,"(40.827888685, -73.875191502)"
"235",661373499,"8/31/15","21:34:00","","","8/31/15",101,"MURDER & NON-NEGL. MANSLAUGHTER",NA,"","COMPLETED","FELONY","N.Y. POLICE DEPT","BROOKLYN",70,"INSIDE","","","",998093,169824,40.6328016,-73.95012759,"(40.632801597, -73.950127585)"
"236",449586116,"9/1/15","3:45:00","","","9/1/15",101,"MURDER & NON-NEGL. MANSLAUGHTER",NA,"","COMPLETED","FELONY","N.Y. POLICE DEPT","BRONX",41,"OUTSIDE","","","",1012244,239768,40.82474721,-73.89885313,"(40.824747205, -73.898853125)"
"237",212809522,"9/4/15","5:07:00","","","9/5/15",101,"MURDER & NON-NEGL. MANSLAUGHTER",NA,"","COMPLETED","FELONY","N.Y. POLICE DEPT","BROOKLYN",71,"OUTSIDE","","","",999005,181250,40.66416202,-73.94681682,"(40.66416202, -73.94681682)"
"238",735549641,"9/4/15","1:30:00","","","9/4/15",101,"MURDER & NON-NEGL. MANSLAUGHTER",NA,"","COMPLETED","FELONY","N.Y. POLICE DEPT","MANHATTAN",28,"OUTSIDE","","","",997995,230064,40.79814609,-73.95035767,"(40.798146087, -73.950357672)"
"239",223314913,"9/4/15","0:12:00","","","9/4/15",101,"MURDER & NON-NEGL. MANSLAUGHTER",NA,"","COMPLETED","FELONY","N.Y. POLICE DEPT","BROOKLYN",77,"OUTSIDE","","","",1003090,184597,40.67334104,-73.93208303,"(40.673341037, -73.932083027)"
"240",462298578,"9/5/15","20:24:00","","","9/5/15",101,"MURDER & NON-NEGL. MANSLAUGHTER",NA,"","COMPLETED","FELONY","N.Y. POLICE DEPT","BROOKLYN",77,"OUTSIDE","","","",994856,184939,40.67429344,-73.96176615,"(40.674293444, -73.961766148)"
"241",301425110,"9/5/15","16:40:00","","","9/5/15",101,"MURDER & NON-NEGL. MANSLAUGHTER",NA,"","COMPLETED","FELONY","N.Y. POLICE DEPT","QUEENS",115,"OUTSIDE","","","",1014705,212607,40.75018944,-73.89008415,"(40.750189437, -73.890084153)"
"242",113538606,"9/7/15","3:42:00","","","9/7/15",101,"MURDER & NON-NEGL. MANSLAUGHTER",NA,"","COMPLETED","FELONY","N.Y. POLICE DEPT","BROOKLYN",71,"OUTSIDE","","","",996149,181562,40.66502269,-73.95711076,"(40.665022689, -73.957110763)"
"243",514314140,"9/7/15","2:05:00","","","9/7/15",101,"MURDER & NON-NEGL. MANSLAUGHTER",NA,"","COMPLETED","FELONY","N.Y. POLICE DEPT","BROOKLYN",77,"OUTSIDE","","","",992870,184447,40.67294517,-73.96892643,"(40.67294517, -73.968926431)"
"244",556372868,"9/8/15","16:15:00","","","9/8/15",101,"MURDER & NON-NEGL. MANSLAUGHTER",NA,"","COMPLETED","FELONY","N.Y. POLICE DEPT","MANHATTAN",14,"INSIDE","","","",986962,214020,40.75411979,-73.9902128,"(40.754119792, -73.990212802)"
"245",808585307,"9/8/15","12:15:00","","","9/8/15",101,"MURDER & NON-NEGL. MANSLAUGHTER",NA,"","COMPLETED","FELONY","N.Y. POLICE DEPT","MANHATTAN",14,"OUTSIDE","","","",992127,216409,40.7606739,-73.97156754,"(40.760673895, -73.971567543)"
"246",373114053,"9/9/15","19:03:00","","","9/9/15",101,"MURDER & NON-NEGL. MANSLAUGHTER",NA,"","COMPLETED","FELONY","N.Y. POLICE DEPT","BROOKLYN",77,"OUTSIDE","","","",1001196,185003,40.67445925,-73.9389099,"(40.674459245, -73.938909896)"
"247",138965644,"9/10/15","23:17:00","","","9/10/15",101,"MURDER & NON-NEGL. MANSLAUGHTER",NA,"","COMPLETED","FELONY","N.Y. POLICE DEPT","QUEENS",109,"OUTSIDE","","","",1036223,223039,40.77872224,-73.81234155,"(40.778722235, -73.812341547)"
"248",608408987,"9/11/15","12:03:00","","","9/11/15",101,"MURDER & NON-NEGL. MANSLAUGHTER",NA,"","COMPLETED","FELONY","N.Y. POLICE DEPT","QUEENS",101,"INSIDE","","","",1051481,157479,40.59867294,-73.75790367,"(40.598672939, -73.757903666)"
"249",662003898,"9/12/15","5:33:00","","","9/12/15",101,"MURDER & NON-NEGL. MANSLAUGHTER",NA,"","COMPLETED","FELONY","N.Y. POLICE DEPT","BROOKLYN",61,"OUTSIDE","","","",990058,155329,40.59302472,-73.97908872,"(40.593024716, -73.979088719)"
"250",890795352,"9/14/15","21:30:00","","","9/14/15",101,"MURDER & NON-NEGL. MANSLAUGHTER",NA,"","COMPLETED","FELONY","N.Y. HOUSING POLICE","BRONX",40,"OUTSIDE","","","",1008836,237829,40.81943534,-73.91117406,"(40.819435344, -73.911174055)"
"251",371154228,"9/14/15","21:09:00","","","9/14/15",101,"MURDER & NON-NEGL. MANSLAUGHTER",NA,"","COMPLETED","FELONY","N.Y. POLICE DEPT","BROOKLYN",72,"OUTSIDE","","","",982447,173132,40.64189198,-74.00649821,"(40.641891984, -74.006498214)"
"252",714725301,"9/15/15","15:06:00","","","9/15/15",101,"MURDER & NON-NEGL. MANSLAUGHTER",NA,"","COMPLETED","FELONY","N.Y. HOUSING POLICE","BRONX",40,"INSIDE","","","",1006566,238688,40.82179908,-73.91937254,"(40.821799082, -73.919372536)"
"253",365010584,"9/16/15","17:42:00","","","9/16/15",101,"MURDER & NON-NEGL. MANSLAUGHTER",NA,"","COMPLETED","FELONY","N.Y. POLICE DEPT","BRONX",46,"OUTSIDE","","","",1008839,248756,40.84942679,-73.91112316,"(40.849426787, -73.911123163)"
"254",379896591,"9/17/15","0:51:00","","","9/17/15",101,"MURDER & NON-NEGL. MANSLAUGHTER",NA,"","COMPLETED","FELONY","N.Y. POLICE DEPT","BROOKLYN",75,"OUTSIDE","","","",1017036,183890,40.67135982,-73.88181102,"(40.67135982, -73.881811023)"
"255",776631772,"9/19/15","22:35:00","","","9/19/15",101,"MURDER & NON-NEGL. MANSLAUGHTER",NA,"","COMPLETED","FELONY","N.Y. POLICE DEPT","MANHATTAN",23,"OUTSIDE","","","",1001666,229217,40.79581483,-73.93710107,"(40.795814831, -73.937101065)"
"256",901833686,"9/19/15","19:56:00","","","9/19/15",101,"MURDER & NON-NEGL. MANSLAUGHTER",NA,"","COMPLETED","FELONY","N.Y. POLICE DEPT","BRONX",48,"OUTSIDE","","","",1014658,247117,40.8449101,-73.89009752,"(40.844910096, -73.89009752)"
"257",306321338,"9/19/15","17:40:00","","","9/19/15",101,"MURDER & NON-NEGL. MANSLAUGHTER",NA,"","COMPLETED","FELONY","N.Y. POLICE DEPT","BROOKLYN",70,"OUTSIDE","","","",994906,176068,40.64994445,-73.96159991,"(40.649944446, -73.961599914)"
"258",735224999,"9/20/15","14:49:00","","","9/20/15",101,"MURDER & NON-NEGL. MANSLAUGHTER",NA,"","COMPLETED","FELONY","N.Y. POLICE DEPT","BRONX",52,"OUTSIDE","","","",1013912,254446,40.86502854,-73.89276136,"(40.865028541, -73.892761364)"
"259",917208320,"9/20/15","1:40:00","","","9/20/15",101,"MURDER & NON-NEGL. MANSLAUGHTER",NA,"","COMPLETED","FELONY","N.Y. POLICE DEPT","BROOKLYN",88,"OUTSIDE","","","INGERSOLL",989209,192197,40.69421996,-73.9821186,"(40.694219964, -73.982118597)"
"260",469095477,"9/20/15","1:40:00","","","9/20/15",101,"MURDER & NON-NEGL. MANSLAUGHTER",NA,"","COMPLETED","FELONY","N.Y. POLICE DEPT","BROOKLYN",88,"OUTSIDE","","","INGERSOLL",989209,192197,40.69421996,-73.9821186,"(40.694219964, -73.982118597)"
"261",962193986,"9/20/15","1:40:00","","","9/20/15",101,"MURDER & NON-NEGL. MANSLAUGHTER",NA,"","COMPLETED","FELONY","N.Y. POLICE DEPT","BROOKLYN",88,"OUTSIDE","","","INGERSOLL",989209,192197,40.69421996,-73.9821186,"(40.694219964, -73.982118597)"
"262",240478904,"9/21/15","1:26:00","","","9/21/15",101,"MURDER & NON-NEGL. MANSLAUGHTER",NA,"","COMPLETED","FELONY","N.Y. POLICE DEPT","BRONX",48,"OUTSIDE","","","",1011811,246833,40.84413995,-73.90038862,"(40.844139945, -73.900388618)"
"263",582808534,"9/25/15","15:05:00","","","9/25/15",101,"MURDER & NON-NEGL. MANSLAUGHTER",NA,"","COMPLETED","FELONY","N.Y. POLICE DEPT","BROOKLYN",63,"OUTSIDE","","","",1009816,156637,40.59657995,-73.90794166,"(40.596579945, -73.907941661)"
"264",792781222,"9/26/15","5:43:00","","","9/26/15",101,"MURDER & NON-NEGL. MANSLAUGHTER",NA,"","COMPLETED","FELONY","N.Y. HOUSING POLICE","MANHATTAN",5,"INSIDE","","","SMITH",985237,197940,40.70998449,-73.99644134,"(40.70998449, -73.996441344)"
"265",576809545,"9/26/15","2:00:00","","","9/26/15",101,"MURDER & NON-NEGL. MANSLAUGHTER",NA,"","COMPLETED","FELONY","N.Y. POLICE DEPT","BRONX",42,"OUTSIDE","","","",1010042,241269,40.82887373,-73.90680365,"(40.828873725, -73.906803648)"
"266",587627030,"9/27/15","16:41:00","","","9/27/15",101,"MURDER & NON-NEGL. MANSLAUGHTER",NA,"","COMPLETED","FELONY","N.Y. HOUSING POLICE","MANHATTAN",25,"OUTSIDE","","","",1002451,231382,40.80175558,-73.93426006,"(40.801755583, -73.934260057)"
"267",669781422,"9/28/15","15:50:00","","","9/28/15",101,"MURDER & NON-NEGL. MANSLAUGHTER",NA,"","COMPLETED","FELONY","N.Y. POLICE DEPT","MANHATTAN",34,"INSIDE","","","",1004466,252899,40.86080918,-73.92691711,"(40.86080918, -73.92691711)"
"268",347456352,"9/28/15","14:45:00","","","9/28/15",101,"MURDER & NON-NEGL. MANSLAUGHTER",NA,"","COMPLETED","FELONY","N.Y. POLICE DEPT","BRONX",52,"OUTSIDE","","","",1009018,252729,40.86033098,-73.91046148,"(40.860330983, -73.910461479)"
"269",956741159,"9/30/15","20:46:00","","","9/30/15",101,"MURDER & NON-NEGL. MANSLAUGHTER",NA,"","COMPLETED","FELONY","N.Y. POLICE DEPT","BRONX",45,"OUTSIDE","","","",1025713,244278,40.83707289,-73.85015894,"(40.83707289, -73.850158943)"
"270",302629861,"10/3/15","13:05:00","","","10/3/15",101,"MURDER & NON-NEGL. MANSLAUGHTER",NA,"","COMPLETED","FELONY","N.Y. POLICE DEPT","BROOKLYN",66,"INSIDE","","","",987489,171960,40.63867469,-73.98833088,"(40.638674687, -73.988330877)"
"271",110579927,"10/4/15","20:28:00","","","10/4/15",101,"MURDER & NON-NEGL. MANSLAUGHTER",NA,"","COMPLETED","FELONY","N.Y. POLICE DEPT","QUEENS",106,"OUTSIDE","","","",1034171,187027,40.67989012,-73.82001788,"(40.679890124, -73.820017883)"
"272",230535411,"10/4/15","7:34:00","","","10/4/15",101,"MURDER & NON-NEGL. MANSLAUGHTER",NA,"","COMPLETED","FELONY","N.Y. POLICE DEPT","BRONX",52,"OUTSIDE","","","",1012218,253976,40.86374406,-73.89888781,"(40.863744063, -73.898887813)"
"273",560545352,"10/4/15","2:55:00","","","10/4/15",101,"MURDER & NON-NEGL. MANSLAUGHTER",NA,"","COMPLETED","FELONY","N.Y. POLICE DEPT","STATEN ISLAND",120,"OUTSIDE","","","",960832,163500,40.6154234,-74.08435036,"(40.615423403, -74.084350357)"
"274",885619028,"10/4/15","2:55:00","","","10/4/15",101,"MURDER & NON-NEGL. MANSLAUGHTER",NA,"","COMPLETED","FELONY","N.Y. POLICE DEPT","STATEN ISLAND",120,"OUTSIDE","","","",960832,163500,40.6154234,-74.08435036,"(40.615423403, -74.084350357)"
"275",163046544,"10/5/15","1:22:00","","","10/5/15",101,"MURDER & NON-NEGL. MANSLAUGHTER",NA,"","COMPLETED","FELONY","N.Y. POLICE DEPT","BROOKLYN",67,"OUTSIDE","","","",1007445,179433,40.65915667,-73.91640098,"(40.659156671, -73.916400977)"
"276",748678221,"10/6/15","7:57:00","","","10/6/15",101,"MURDER & NON-NEGL. MANSLAUGHTER",NA,"","COMPLETED","FELONY","N.Y. POLICE DEPT","BROOKLYN",90,"OUTSIDE","","","",1003379,196414,40.70577536,-73.93100763,"(40.70577536, -73.931007628)"
"277",271642266,"10/8/15","18:00:00","","","10/8/15",101,"MURDER & NON-NEGL. MANSLAUGHTER",NA,"","COMPLETED","FELONY","N.Y. POLICE DEPT","BROOKLYN",67,"OUTSIDE","","","",1000054,173952,40.64412879,-73.94305279,"(40.644128794, -73.943052786)"
"278",852776334,"10/9/15","4:20:00","","","10/9/15",101,"MURDER & NON-NEGL. MANSLAUGHTER",NA,"","COMPLETED","FELONY","N.Y. POLICE DEPT","BRONX",47,"OUTSIDE","","","",1032453,262402,40.8867835,-73.82567107,"(40.886783497, -73.825671072)"
"279",298877897,"10/11/15","14:50:00","","","10/11/15",101,"MURDER & NON-NEGL. MANSLAUGHTER",NA,"","COMPLETED","FELONY","N.Y. POLICE DEPT","QUEENS",109,"OUTSIDE","","","",1034105,211917,40.74820747,-73.82007151,"(40.748207471, -73.820071514)"
"280",289201246,"10/11/15","22:36:00","","","10/11/15",101,"MURDER & NON-NEGL. MANSLAUGHTER",NA,"","COMPLETED","FELONY","N.Y. POLICE DEPT","BROOKLYN",88,"OUTSIDE","","","",990255,189887,40.6878789,-73.97834863,"(40.687878898, -73.978348633)"
"281",924525630,"10/12/15","4:03:00","","","10/12/15",101,"MURDER & NON-NEGL. MANSLAUGHTER",NA,"","COMPLETED","FELONY","N.Y. POLICE DEPT","MANHATTAN",13,"OUTSIDE","","","",987112,208704,40.73952866,-73.98967366,"(40.739528656, -73.989673657)"
"282",503295731,"10/14/15","1:47:00","","","10/14/15",101,"MURDER & NON-NEGL. MANSLAUGHTER",NA,"","COMPLETED","FELONY","N.Y. POLICE DEPT","BROOKLYN",70,"OUTSIDE","","","",994950,174604,40.64592603,-73.96144367,"(40.64592603, -73.961443671)"
"283",828303898,"10/15/15","13:49:00","","","10/15/15",101,"MURDER & NON-NEGL. MANSLAUGHTER",NA,"","COMPLETED","FELONY","N.Y. POLICE DEPT","BRONX",46,"INSIDE","","","",1012356,250621,40.85453516,-73.89840297,"(40.854535162, -73.898402966)"
"284",690042296,"10/17/15","12:15:00","","","10/17/15",101,"MURDER & NON-NEGL. MANSLAUGHTER",NA,"","COMPLETED","FELONY","N.Y. POLICE DEPT","QUEENS",103,"OUTSIDE","","","",1042041,193826,40.69850389,-73.79158542,"(40.698503885, -73.791585417)"
"285",666865450,"10/17/15","4:35:00","","","10/17/15",101,"MURDER & NON-NEGL. MANSLAUGHTER",NA,"","COMPLETED","FELONY","N.Y. POLICE DEPT","BRONX",43,"OUTSIDE","","","",1022943,240733,40.82735547,-73.86018983,"(40.827355465, -73.860189834)"
"286",251390521,"10/17/15","4:01:00","","","10/17/15",101,"MURDER & NON-NEGL. MANSLAUGHTER",NA,"","COMPLETED","FELONY","N.Y. POLICE DEPT","QUEENS",103,"INSIDE","","","",1037509,195481,40.7030749,-73.80791637,"(40.703074899, -73.807916367)"
"287",594764495,"10/18/15","10:14:00","","","10/18/15",101,"MURDER & NON-NEGL. MANSLAUGHTER",NA,"","COMPLETED","FELONY","N.Y. POLICE DEPT","BROOKLYN",75,"INSIDE","","","",1017119,183909,40.67141166,-73.88151172,"(40.671411663, -73.881511724)"
"288",440635645,"10/20/15","20:31:00","","","10/20/15",101,"MURDER & NON-NEGL. MANSLAUGHTER",NA,"","COMPLETED","FELONY","N.Y. POLICE DEPT","MANHATTAN",25,"OUTSIDE","","","",1003855,229559,40.79674894,-73.92919418,"(40.796748942, -73.929194181)"
"289",764575906,"10/22/15","15:00:00","","","10/22/15",101,"MURDER & NON-NEGL. MANSLAUGHTER",NA,"","COMPLETED","FELONY","N.Y. HOUSING POLICE","BRONX",49,"OUTSIDE","","","",1022920,253072,40.86122247,-73.86020179,"(40.861222468, -73.860201788)"
"290",148171843,"10/24/15","21:00:00","","","10/13/16",101,"MURDER & NON-NEGL. MANSLAUGHTER",NA,"","COMPLETED","FELONY","N.Y. POLICE DEPT","BRONX",42,"INSIDE","","","",1011920,242929,40.83342426,-73.90001077,"(40.833424263, -73.900010769)"
"291",975065889,"10/25/15","10:19:00","","","10/25/15",101,"MURDER & NON-NEGL. MANSLAUGHTER",NA,"","COMPLETED","FELONY","N.Y. POLICE DEPT","BRONX",52,"INSIDE","","","",1011129,252656,40.86012445,-73.9028302,"(40.860124446, -73.902830201)"
"292",255006358,"10/26/15","18:09:00","","","10/26/15",101,"MURDER & NON-NEGL. MANSLAUGHTER",NA,"","COMPLETED","FELONY","N.Y. POLICE DEPT","BROOKLYN",88,"OUTSIDE","","","",992112,185590,40.67608315,-73.97165768,"(40.676083154, -73.971657681)"
"293",285791049,"10/26/15","12:50:00","","","10/26/15",101,"MURDER & NON-NEGL. MANSLAUGHTER",NA,"","COMPLETED","FELONY","N.Y. POLICE DEPT","BRONX",40,"INSIDE","","","",1007252,239375,40.82368294,-73.91689163,"(40.823682942, -73.916891628)"
"294",445195145,"10/26/15","5:00:00","","","10/26/15",101,"MURDER & NON-NEGL. MANSLAUGHTER",NA,"","COMPLETED","FELONY","N.Y. POLICE DEPT","BROOKLYN",72,"INSIDE","","","",979294,172285,40.63956595,-74.01785883,"(40.639565947, -74.017858834)"
"295",505050319,"10/27/15","21:24:00","","","10/27/15",101,"MURDER & NON-NEGL. MANSLAUGHTER",NA,"","COMPLETED","FELONY","N.Y. POLICE DEPT","BROOKLYN",67,"INSIDE","","","",1006329,177267,40.65321433,-73.9204304,"(40.653214329, -73.920430403)"
"296",634357728,"10/28/15","20:07:00","","","10/28/15",101,"MURDER & NON-NEGL. MANSLAUGHTER",NA,"","COMPLETED","FELONY","N.Y. POLICE DEPT","MANHATTAN",28,"OUTSIDE","","","",996792,230879,40.80038483,-73.95470111,"(40.80038483, -73.954701109)"
"297",252762197,"10/28/15","21:00:00","","","3/18/16",101,"MURDER & NON-NEGL. MANSLAUGHTER",NA,"","COMPLETED","FELONY","N.Y. HOUSING POLICE","BRONX",40,"OUTSIDE","","","",1007452,234917,40.81144646,-73.91618441,"(40.811446464, -73.916184409)"
"298",467640179,"10/29/15","20:08:00","","","10/29/15",101,"MURDER & NON-NEGL. MANSLAUGHTER",NA,"","COMPLETED","FELONY","N.Y. POLICE DEPT","BRONX",46,"INSIDE","","","",1009853,247503,40.84598479,-73.90746279,"(40.845984791, -73.907462791)"
"299",537116994,"10/31/15","6:02:00","","","10/31/15",101,"MURDER & NON-NEGL. MANSLAUGHTER",NA,"","COMPLETED","FELONY","N.Y. HOUSING POLICE","BROOKLYN",69,"OUTSIDE","","","",1013376,176522,40.65114909,-73.89503679,"(40.651149094, -73.895036788)"
"300",676408193,"10/31/15","20:53:00","","","10/31/15",101,"MURDER & NON-NEGL. MANSLAUGHTER",NA,"","COMPLETED","FELONY","N.Y. POLICE DEPT","QUEENS",105,"OUTSIDE","","","",1056001,180285,40.66123489,-73.74138486,"(40.661234892, -73.741384856)"
"301",788474276,"10/31/15","20:53:00","","","10/31/15",101,"MURDER & NON-NEGL. MANSLAUGHTER",NA,"","COMPLETED","FELONY","N.Y. POLICE DEPT","QUEENS",105,"OUTSIDE","","","",1056001,180285,40.66123489,-73.74138486,"(40.661234892, -73.741384856)"
"302",248892629,"11/1/15","5:22:00","","","11/1/15",101,"MURDER & NON-NEGL. MANSLAUGHTER",NA,"","COMPLETED","FELONY","N.Y. POLICE DEPT","BROOKLYN",77,"OUTSIDE","","","",998364,186452,40.67844139,-73.94911642,"(40.67844139, -73.949116423)"
"303",284091093,"11/4/15","1:12:00","","","11/4/15",101,"MURDER & NON-NEGL. MANSLAUGHTER",NA,"","COMPLETED","FELONY","N.Y. POLICE DEPT","BROOKLYN",83,"INSIDE","","","",1007867,194479,40.7004534,-73.91482726,"(40.700453401, -73.914827259)"
"304",356491403,"11/8/15","4:05:00","","","11/8/15",101,"MURDER & NON-NEGL. MANSLAUGHTER",NA,"","COMPLETED","FELONY","N.Y. POLICE DEPT","BROOKLYN",67,"OUTSIDE","","","",1004498,176955,40.65236233,-73.92703012,"(40.652362333, -73.927030122)"
"305",113246882,"11/9/15","11:42:00","","","11/9/15",101,"MURDER & NON-NEGL. MANSLAUGHTER",NA,"","COMPLETED","FELONY","N.Y. HOUSING POLICE","BROOKLYN",73,"INSIDE","","","WOODSON",1011275,181310,40.66429776,-73.90258921,"(40.664297758, -73.902589205)"
"306",107604100,"11/9/15","6:14:00","","","11/9/15",101,"MURDER & NON-NEGL. MANSLAUGHTER",NA,"","COMPLETED","FELONY","N.Y. TRANSIT POLICE","MANHATTAN",14,"INSIDE","","","",986195,213562,40.7528629,-73.99298133,"(40.752862899, -73.992981332)"
"307",794888804,"11/10/15","12:56:00","","","11/10/15",101,"MURDER & NON-NEGL. MANSLAUGHTER",NA,"","COMPLETED","FELONY","N.Y. POLICE DEPT","BROOKLYN",70,"INSIDE","","","",994882,174149,40.64467723,-73.96168943,"(40.644677234, -73.961689428)"
"308",656656874,"11/10/15","9:20:00","","","11/10/15",101,"MURDER & NON-NEGL. MANSLAUGHTER",NA,"","COMPLETED","FELONY","N.Y. POLICE DEPT","BROOKLYN",70,"OUTSIDE","","","",995161,167522,40.62648719,-73.96069478,"(40.626487188, -73.960694776)"
"309",551311453,"11/11/15","21:44:00","","","11/11/15",101,"MURDER & NON-NEGL. MANSLAUGHTER",NA,"","COMPLETED","FELONY","N.Y. HOUSING POLICE","BROOKLYN",90,"INSIDE","","","TAYLOR STREET-WYTHE AVENUE",994068,195940,40.70448957,-73.96459091,"(40.704489571, -73.964590908)"
"310",939515003,"11/15/15","21:51:00","","","11/15/15",101,"MURDER & NON-NEGL. MANSLAUGHTER",NA,"","COMPLETED","FELONY","N.Y. POLICE DEPT","MANHATTAN",34,"INSIDE","","","",1006124,255241,40.86723331,-73.92091551,"(40.867233307, -73.920915513)"
"311",635929691,"11/15/15","4:30:00","","","11/15/15",101,"MURDER & NON-NEGL. MANSLAUGHTER",NA,"","COMPLETED","FELONY","N.Y. POLICE DEPT","QUEENS",104,"OUTSIDE","","","",1012340,197732,40.70936905,-73.89868193,"(40.709369048, -73.898681928)"
"312",747058831,"11/18/15","23:15:00","","","11/18/15",101,"MURDER & NON-NEGL. MANSLAUGHTER",NA,"","COMPLETED","FELONY","N.Y. POLICE DEPT","BRONX",52,"OUTSIDE","","","",1012027,254322,40.86469433,-73.89957691,"(40.864694331, -73.899576908)"
"313",997939561,"11/18/15","3:20:00","","","11/18/15",101,"MURDER & NON-NEGL. MANSLAUGHTER",NA,"","COMPLETED","FELONY","N.Y. POLICE DEPT","BROOKLYN",84,"OUTSIDE","","","",988972,188404,40.68380918,-73.98297591,"(40.683809179, -73.98297591)"
"314",131875596,"11/20/15","17:40:00","","","11/20/15",101,"MURDER & NON-NEGL. MANSLAUGHTER",NA,"","COMPLETED","FELONY","N.Y. POLICE DEPT","BROOKLYN",67,"INSIDE","","","",999132,175384,40.64806092,-73.94637199,"(40.648060922, -73.946371991)"
"315",810852918,"11/20/15","14:21:00","","","11/20/15",101,"MURDER & NON-NEGL. MANSLAUGHTER",NA,"","COMPLETED","FELONY","N.Y. POLICE DEPT","BRONX",47,"INSIDE","","","",1027870,267694,40.90133218,-73.84221138,"(40.901332179, -73.842211382)"
"316",616455097,"11/21/15","3:56:00","","","11/21/15",101,"MURDER & NON-NEGL. MANSLAUGHTER",NA,"","COMPLETED","FELONY","N.Y. POLICE DEPT","QUEENS",108,"OUTSIDE","","","",1007668,209836,40.74260518,-73.91549152,"(40.742605175, -73.915491518)"
"317",958262948,"11/24/15","11:21:00","","","11/24/15",101,"MURDER & NON-NEGL. MANSLAUGHTER",NA,"","COMPLETED","FELONY","N.Y. POLICE DEPT","BROOKLYN",70,"OUTSIDE","","","",994394,176588,40.65137233,-73.96344425,"(40.651372334, -73.96344425)"
"318",995825488,"11/24/15","9:16:00","","","11/24/15",101,"MURDER & NON-NEGL. MANSLAUGHTER",NA,"","COMPLETED","FELONY","N.Y. HOUSING POLICE","BRONX",48,"OUTSIDE","","","",1013667,246291,40.84264633,-73.89368292,"(40.842646326, -73.893682921)"
"319",495097288,"11/25/15","13:55:00","","","11/25/15",101,"MURDER & NON-NEGL. MANSLAUGHTER",NA,"","COMPLETED","FELONY","N.Y. POLICE DEPT","BRONX",42,"OUTSIDE","","","",1010158,242490,40.83222468,-73.90637977,"(40.832224679, -73.906379774)"
"320",148432759,"11/26/15","23:36:00","","","11/26/15",101,"MURDER & NON-NEGL. MANSLAUGHTER",NA,"","COMPLETED","FELONY","N.Y. HOUSING POLICE","BROOKLYN",73,"OUTSIDE","","","",1010877,182683,40.66806754,-73.90401838,"(40.668067542, -73.904018382)"
"321",558517496,"11/27/15","22:39:00","","","11/27/15",101,"MURDER & NON-NEGL. MANSLAUGHTER",NA,"","COMPLETED","FELONY","N.Y. HOUSING POLICE","BROOKLYN",73,"INSIDE","","","",1009968,182503,40.66757617,-73.90729576,"(40.667576169, -73.907295763)"
"322",474478842,"11/27/15","22:39:00","","","11/27/15",101,"MURDER & NON-NEGL. MANSLAUGHTER",NA,"","COMPLETED","FELONY","N.Y. HOUSING POLICE","BROOKLYN",73,"INSIDE","","","",1009968,182503,40.66757617,-73.90729576,"(40.667576169, -73.907295763)"
"323",216560883,"11/28/15","0:07:00","","","11/28/15",101,"MURDER & NON-NEGL. MANSLAUGHTER",NA,"","COMPLETED","FELONY","N.Y. POLICE DEPT","STATEN ISLAND",120,"OUTSIDE","","","",960126,172813,40.64098373,-74.08692657,"(40.640983725, -74.086926573)"
"324",351386950,"12/1/15","3:55:00","","","12/1/15",101,"MURDER & NON-NEGL. MANSLAUGHTER",NA,"","COMPLETED","FELONY","N.Y. POLICE DEPT","BRONX",49,"INSIDE","","","",1024346,246876,40.84420995,-73.85508358,"(40.844209947, -73.855083584)"
"325",201803138,"12/3/15","17:05:00","","","12/3/15",101,"MURDER & NON-NEGL. MANSLAUGHTER",NA,"","COMPLETED","FELONY","N.Y. POLICE DEPT","BROOKLYN",67,"OUTSIDE","","","",1005410,178782,40.65737492,-73.92373765,"(40.657374916, -73.923737654)"
"326",703629612,"12/3/15","11:05:00","","","12/3/15",101,"MURDER & NON-NEGL. MANSLAUGHTER",NA,"","COMPLETED","FELONY","N.Y. POLICE DEPT","BRONX",47,"OUTSIDE","","","",1020690,256478,40.87058038,-73.86824515,"(40.87058038, -73.868245145)"
"327",467518301,"12/5/15","16:36:00","","","12/5/15",101,"MURDER & NON-NEGL. MANSLAUGHTER",NA,"","COMPLETED","FELONY","N.Y. POLICE DEPT","BROOKLYN",67,"INSIDE","","","",1008224,177079,40.65269338,-73.91360164,"(40.652693383, -73.91360164)"
"328",967459640,"12/6/15","6:39:00","","","12/6/15",101,"MURDER & NON-NEGL. MANSLAUGHTER",NA,"","COMPLETED","FELONY","N.Y. POLICE DEPT","BRONX",44,"INSIDE","","","",1005620,244949,40.83898607,-73.92277054,"(40.838986067, -73.922770541)"
"329",674855705,"12/7/15","21:37:00","","","12/7/15",101,"MURDER & NON-NEGL. MANSLAUGHTER",NA,"","COMPLETED","FELONY","N.Y. POLICE DEPT","BROOKLYN",72,"OUTSIDE","","","",980738,170975,40.63597097,-74.01265515,"(40.635970966, -74.012655151)"
"330",706929585,"12/9/15","8:56:00","","","12/9/15",101,"MURDER & NON-NEGL. MANSLAUGHTER",NA,"","COMPLETED","FELONY","N.Y. POLICE DEPT","STATEN ISLAND",123,"INSIDE","","","",922884,135831,40.53929611,-74.22078305,"(40.539296108, -74.220783054)"
"331",253740947,"12/10/15","7:00:00","","","12/10/15",101,"MURDER & NON-NEGL. MANSLAUGHTER",NA,"","COMPLETED","FELONY","N.Y. POLICE DEPT","BRONX",49,"INSIDE","","","",1023354,248384,40.84835341,-73.85866014,"(40.848353408, -73.858660142)"
"332",976911312,"12/11/15","21:42:00","","","12/11/15",101,"MURDER & NON-NEGL. MANSLAUGHTER",NA,"","COMPLETED","FELONY","N.Y. POLICE DEPT","BROOKLYN",67,"INSIDE","","","",997380,173775,40.64364733,-73.95268871,"(40.643647334, -73.952688708)"
"333",430102539,"12/11/15","20:00:00","","","12/11/15",101,"MURDER & NON-NEGL. MANSLAUGHTER",NA,"","COMPLETED","FELONY","N.Y. POLICE DEPT","BROOKLYN",60,"INSIDE","","","",987641,148923,40.57544277,-73.98779476,"(40.575442769, -73.987794763)"
"334",158824956,"12/11/15","21:42:00","","","2/3/16",101,"MURDER & NON-NEGL. MANSLAUGHTER",NA,"","COMPLETED","FELONY","N.Y. POLICE DEPT","BROOKLYN",67,"INSIDE","","","",997380,173775,40.64364733,-73.95268871,"(40.643647334, -73.952688708)"
"335",225687223,"12/13/15","0:28:00","","","12/13/15",101,"MURDER & NON-NEGL. MANSLAUGHTER",NA,"","COMPLETED","FELONY","N.Y. HOUSING POLICE","BROOKLYN",79,"OUTSIDE","","","",998286,189885,40.68786432,-73.94939048,"(40.687864317, -73.949390484)"
"336",254640842,"12/14/15","4:15:00","","","12/14/15",101,"MURDER & NON-NEGL. MANSLAUGHTER",NA,"","COMPLETED","FELONY","N.Y. POLICE DEPT","STATEN ISLAND",120,"OUTSIDE","","","",962824,174279,40.64501452,-74.07720963,"(40.645014517, -74.07720963)"
"337",234584652,"12/17/15","21:09:00","","","12/17/15",101,"MURDER & NON-NEGL. MANSLAUGHTER",NA,"","COMPLETED","FELONY","N.Y. POLICE DEPT","BROOKLYN",79,"OUTSIDE","","","",1000083,189065,40.68561057,-73.9429128,"(40.685610573, -73.942912796)"
"338",822354166,"12/19/15","16:04:00","","","12/19/15",101,"MURDER & NON-NEGL. MANSLAUGHTER",NA,"","COMPLETED","FELONY","N.Y. POLICE DEPT","BROOKLYN",77,"OUTSIDE","","","",1002388,185584,40.6760516,-73.93461109,"(40.676051596, -73.934611088)"
"339",546107435,"12/19/15","6:11:00","","","12/19/15",101,"MURDER & NON-NEGL. MANSLAUGHTER",NA,"","COMPLETED","FELONY","N.Y. POLICE DEPT","BROOKLYN",81,"OUTSIDE","","","",1004509,186445,40.67841025,-73.92696196,"(40.678410246, -73.926961963)"
"340",823093157,"12/20/15","9:21:00","","","12/20/15",101,"MURDER & NON-NEGL. MANSLAUGHTER",NA,"","COMPLETED","FELONY","N.Y. POLICE DEPT","BRONX",52,"OUTSIDE","","","",1010675,253888,40.86350728,-73.90446662,"(40.863507284, -73.904466615)"
"341",561466044,"12/23/15","4:38:00","","","7/11/16",101,"MURDER & NON-NEGL. MANSLAUGHTER",NA,"","COMPLETED","FELONY","N.Y. POLICE DEPT","BRONX",42,"OUTSIDE","","","",1016001,244593,40.83797773,-73.88525546,"(40.83797773, -73.885255456)"
"342",114662734,"12/24/15","22:55:00","","","12/24/15",101,"MURDER & NON-NEGL. MANSLAUGHTER",NA,"","COMPLETED","FELONY","N.Y. POLICE DEPT","BRONX",46,"OUTSIDE","","","",1010778,251898,40.85804503,-73.90410211,"(40.858045026, -73.904102113)"
"343",950464116,"12/26/15","16:30:00","","","12/26/15",101,"MURDER & NON-NEGL. MANSLAUGHTER",NA,"","COMPLETED","FELONY","N.Y. POLICE DEPT","QUEENS",103,"OUTSIDE","","","",1041975,193412,40.69736799,-73.79182699,"(40.697367986, -73.791826985)"
"344",815051324,"12/28/15","17:30:00","","","12/28/15",101,"MURDER & NON-NEGL. MANSLAUGHTER",NA,"","COMPLETED","FELONY","N.Y. HOUSING POLICE","BROOKLYN",61,"INSIDE","","","SHEEPSHEAD BAY",1001474,156113,40.59516181,-73.93798142,"(40.595161807, -73.937981421)"
"345",436431388,"12/28/15","17:30:00","","","12/28/15",101,"MURDER & NON-NEGL. MANSLAUGHTER",NA,"","COMPLETED","FELONY","N.Y. HOUSING POLICE","BROOKLYN",61,"INSIDE","","","SHEEPSHEAD BAY",1001474,156113,40.59516181,-73.93798142,"(40.595161807, -73.937981421)"
"346",586976434,"12/30/15","2:45:00","","","12/30/15",101,"MURDER & NON-NEGL. MANSLAUGHTER",NA,"","COMPLETED","FELONY","N.Y. POLICE DEPT","BRONX",52,"OUTSIDE","","","",1019388,259017,40.87755443,-73.87293947,"(40.877554428, -73.872939471)"
"347",153401121,"12/31/15","23:36:00","","","12/31/15",101,"MURDER & NON-NEGL. MANSLAUGHTER",NA,"","COMPLETED","FELONY","N.Y. POLICE DEPT","QUEENS",103,"OUTSIDE","","","",1043991,193406,40.69733814,-73.78455674,"(40.697338138, -73.784556739)"
